USE UserphoneShop;
insert into Utilisateurs (id_user, email, prenom, nom, motDepass) values (1, 'ekleint0@statcounter.com', 'Euphemia', 'Kleint', '02989ce013ffd42e91233fd38ed1a953');
insert into Utilisateurs (id_user, email, prenom, nom, motDepass) values (2, 'cwahlberg1@shareasale.com', 'Claudelle', 'Wahlberg', 'da1a953e0418deaf1f334911ba43ca9b');
insert into Utilisateurs (id_user, email, prenom, nom, motDepass) values (3, 'cparadin2@merriam-webster.com', 'Casi', 'Paradin', '1dfe8591db74a56543cd9711ba3c586c');
insert into Utilisateurs (id_user, email, prenom, nom, motDepass) values (4, 'hshellibeer3@europa.eu', 'Helsa', 'Shellibeer', '0c1d28702a6a0e8207dcbfc409443546');
insert into Utilisateurs (id_user, email, prenom, nom, motDepass) values (5, 'kmordue4@businessinsider.com', 'Kim', 'Mordue', '328bd430813590b403ce6223d26777f6');
insert into Utilisateurs (id_user, email, prenom, nom, motDepass) values (6, 'oduncklee5@squidoo.com', 'Opalina', 'Duncklee', 'f3d9924f61563fb747bc207362c057f5');
insert into Utilisateurs (id_user, email, prenom, nom, motDepass) values (7, 'vpaviour6@gizmodo.com', 'Violetta', 'Paviour', 'b342f23e6d66d289665264a2215f3f95');
insert into Utilisateurs (id_user, email, prenom, nom, motDepass) values (8, 'rcornehl7@cbslocal.com', 'Rebecca', 'Cornehl', '796f23e2b114a53ffce9c02718957c19');
insert into Utilisateurs (id_user, email, prenom, nom, motDepass) values (9, 'jgowthrop8@tmall.com', 'Joletta', 'Gowthrop', 'd0541cb4f346b6d75461e38c8b848688');
insert into Utilisateurs (id_user, email, prenom, nom, motDepass) values (10, 'kfery9@ibm.com', 'Kylie', 'Fery', 'b5d8c67a0e0e78e325b29782f02e8ffb');
insert into Utilisateurs (id_user, email, prenom, nom, motDepass) values (11, 'ogaltonea@barnesandnoble.com', 'Ortensia', 'Galtone', '9011dc66ac407a1fa89a799403df5f8a');
insert into Utilisateurs (id_user, email, prenom, nom, motDepass) values (12, 'jbeevensb@wiley.com', 'Joscelin', 'Beevens', '8b5c7c9a039282c630d0673e91147185');
insert into Utilisateurs (id_user, email, prenom, nom, motDepass) values (13, 'aweekleyc@phpbb.com', 'Augustine', 'Weekley', 'bf731492998be742d3b224605faca1ab');
insert into Utilisateurs (id_user, email, prenom, nom, motDepass) values (14, 'dandreichikd@cbslocal.com', 'Danni', 'Andreichik', 'c9b82299d3b961386d96759955e8194a');
insert into Utilisateurs (id_user, email, prenom, nom, motDepass) values (15, 'mgomane@sakura.ne.jp', 'Maggee', 'Goman', '8b04677feb88a9e877f5521f2666655d');
insert into Utilisateurs (id_user, email, prenom, nom, motDepass) values (16, 'crivenzonf@ed.gov', 'Carmella', 'Rivenzon', 'b5b5c79cb99ab58057d50fda79b48602');
insert into Utilisateurs (id_user, email, prenom, nom, motDepass) values (17, 'isisselotg@soundcloud.com', 'Ilsa', 'Sisselot', 'd50087a51154fa7f9f5c819d1dd71820');
insert into Utilisateurs (id_user, email, prenom, nom, motDepass) values (18, 'hpendletonh@shareasale.com', 'Hedvige', 'Pendleton', 'cb7c53ed4fbcb92af383904b65190725');
insert into Utilisateurs (id_user, email, prenom, nom, motDepass) values (19, 'bregnardi@howstuffworks.com', 'Binnie', 'Regnard', '532b4a7a8f68ed017f46979bf74d0ed3');
insert into Utilisateurs (id_user, email, prenom, nom, motDepass) values (20, 'jcarrierj@geocities.jp', 'Jasmin', 'Carrier', '8185cab4c7a0a6b8d513b0fb025a5dcf');
insert into Utilisateurs (id_user, email, prenom, nom, motDepass) values (21, 'lallink@friendfeed.com', 'Lani', 'Allin', '18c92f56ee755fd5102899dc17181c3d');
insert into Utilisateurs (id_user, email, prenom, nom, motDepass) values (22, 'lpellattl@usa.gov', 'Lane', 'Pellatt', 'e800246e4ea42182ca4dc8e166484bc3');
insert into Utilisateurs (id_user, email, prenom, nom, motDepass) values (23, 'fwasteneym@go.com', 'Franciska', 'Wasteney', '854eea65b48278335079731a493d3ee4');
insert into Utilisateurs (id_user, email, prenom, nom, motDepass) values (24, 'tpitchersn@purevolume.com', 'Tamra', 'Pitchers', '3109f7838094ae012bfe6f0987eb6ccc');
insert into Utilisateurs (id_user, email, prenom, nom, motDepass) values (25, 'severisso@youtu.be', 'Shay', 'Everiss', 'd920fe55e93daa0b3a75df80a3e3e63d');
insert into Utilisateurs (id_user, email, prenom, nom, motDepass) values (26, 'llandersp@xrea.com', 'Loree', 'Landers', 'a69ef9c05ef99049c791d8f9c61d6e8e');
insert into Utilisateurs (id_user, email, prenom, nom, motDepass) values (27, 'mcameranaq@biblegateway.com', 'Malanie', 'Camerana', 'd8776661107c9cba4c77300375b278d7');
insert into Utilisateurs (id_user, email, prenom, nom, motDepass) values (28, 'cfarnellr@biblegateway.com', 'Cloris', 'Farnell', '404b26e69f5a31081550a5195c03ed3b');
insert into Utilisateurs (id_user, email, prenom, nom, motDepass) values (29, 'jfreddis@foxnews.com', 'Josephina', 'Freddi', 'ef24ddb2db3df629858caee73c3c4a5c');
insert into Utilisateurs (id_user, email, prenom, nom, motDepass) values (30, 'cayreet@seesaa.net', 'Cornela', 'Ayree', 'c05472d17bccee451e8f4f832b7e64e6');
insert into Utilisateurs (id_user, email, prenom, nom, motDepass) values (31, 'ssorbyu@springer.com', 'Siana', 'Sorby', 'd568b6b1b6925eabf95531da38d4ba69');
insert into Utilisateurs (id_user, email, prenom, nom, motDepass) values (32, 'mvalentiv@ustream.tv', 'Mei', 'Valenti', '411c4bb1603d3475989b4109ab9bd255');
insert into Utilisateurs (id_user, email, prenom, nom, motDepass) values (33, 'varranw@123-reg.co.uk', 'Vanny', 'Arran', '4045d735644f7f6813b13efa22fb4a40');
insert into Utilisateurs (id_user, email, prenom, nom, motDepass) values (34, 'msilvermanx@patch.com', 'Maurise', 'Silverman', '9ef9852663255f9c870d4a3deb4f914e');
insert into Utilisateurs (id_user, email, prenom, nom, motDepass) values (35, 'ahapkey@linkedin.com', 'Angele', 'Hapke', '259ee5361921d82e05c9171a7045de8f');
insert into Utilisateurs (id_user, email, prenom, nom, motDepass) values (36, 'blountz@chron.com', 'Blakelee', 'Lount', '347e119e9b9d77878629fe18aa48a60f');
insert into Utilisateurs (id_user, email, prenom, nom, motDepass) values (37, 'eraoul10@networksolutions.com', 'Emmye', 'Raoul', '371339d27d4fc202b9ec56c9ec2d1dd8');
insert into Utilisateurs (id_user, email, prenom, nom, motDepass) values (38, 'sdownes11@bigcartel.com', 'Sephira', 'Downes', '8acc19554f8c2b02d68d6f630636e344');
insert into Utilisateurs (id_user, email, prenom, nom, motDepass) values (39, 'gjobes12@google.ru', 'Glenna', 'Jobes', '4220ec209e89c9e2b18625cb7f9a56e2');
insert into Utilisateurs (id_user, email, prenom, nom, motDepass) values (40, 'jportman13@marriott.com', 'Jo-anne', 'Portman', '31f6108a8a81a0a6429f2944f8b51d80');
insert into Utilisateurs (id_user, email, prenom, nom, motDepass) values (41, 'gmccotter14@gov.uk', 'Gleda', 'McCotter', '4ef9395ef45d4f0b02b4a8eb26428270');
insert into Utilisateurs (id_user, email, prenom, nom, motDepass) values (42, 'crosenblath15@paypal.com', 'Clemmy', 'Rosenblath', '079b2d8c72d2d0d36d95e0a3a4403001');
insert into Utilisateurs (id_user, email, prenom, nom, motDepass) values (43, 'eknyvett16@yale.edu', 'Emiline', 'Knyvett', '787a608ed9fa40cf08076131645b4fa5');
insert into Utilisateurs (id_user, email, prenom, nom, motDepass) values (44, 'emocquer17@gov.uk', 'Elane', 'Mocquer', '43040cf538b885cc053ac0c1fc54eac4');
insert into Utilisateurs (id_user, email, prenom, nom, motDepass) values (45, 'dcoomber18@github.io', 'Donielle', 'Coomber', '6e96df1b060e72c14f2ff6fd24f206f3');
insert into Utilisateurs (id_user, email, prenom, nom, motDepass) values (46, 'adabes19@jigsy.com', 'Astrid', 'Dabes', 'a08ceb26873a28a6e3873cf075ffd59e');
insert into Utilisateurs (id_user, email, prenom, nom, motDepass) values (47, 'stalby1a@eventbrite.com', 'Sarine', 'Talby', '41e052ad6a03bb21cc11b5dfec9c8a05');
insert into Utilisateurs (id_user, email, prenom, nom, motDepass) values (48, 'cyakebovitch1b@sohu.com', 'Cosetta', 'Yakebovitch', '531fbcb9a935f4f12bcfc2e8e9b5b647');
insert into Utilisateurs (id_user, email, prenom, nom, motDepass) values (49, 'jluciano1c@wufoo.com', 'Jessie', 'Luciano', 'd79ec168bd9f29d6581b88ecc246a8bd');
insert into Utilisateurs (id_user, email, prenom, nom, motDepass) values (50, 'smorrall1d@mozilla.org', 'Shelagh', 'Morrall', '8c245046a9de573078810843fc4f5f83');
insert into Utilisateurs (id_user, email, prenom, nom, motDepass) values (51, 'ehundley1e@omniture.com', 'Emelda', 'Hundley', 'fa13509b2dea10be95e0932e8710c989');
insert into Utilisateurs (id_user, email, prenom, nom, motDepass) values (52, 'btopper1f@spiegel.de', 'Bernete', 'Topper', '4729cd6987ea270426082e9282e57a01');
insert into Utilisateurs (id_user, email, prenom, nom, motDepass) values (53, 'iwhelband1g@jimdo.com', 'Iris', 'Whelband', 'c47d9aeea17b9b07e5324f955485279a');
insert into Utilisateurs (id_user, email, prenom, nom, motDepass) values (54, 'khuortic1h@issuu.com', 'Kimmie', 'Huortic', '5386cd10ac47e826f9811f476c3a11d0');
insert into Utilisateurs (id_user, email, prenom, nom, motDepass) values (55, 'rpfeffel1i@unc.edu', 'Roslyn', 'Pfeffel', 'b08e275259bf1826c5b8822c21595c12');
insert into Utilisateurs (id_user, email, prenom, nom, motDepass) values (56, 'kcrutchley1j@usnews.com', 'Kelsey', 'Crutchley', 'a11958de75a84fa98984b4b0aa63c1e4');
insert into Utilisateurs (id_user, email, prenom, nom, motDepass) values (57, 'emackegg1k@theguardian.com', 'Ellene', 'MacKegg', '733c05b4eb041a8f41d19dc2b61274e5');
insert into Utilisateurs (id_user, email, prenom, nom, motDepass) values (58, 'cburnep1l@miibeian.gov.cn', 'Cicely', 'Burnep', '8574b7c3c0fecdf7084c9958f219b66b');
insert into Utilisateurs (id_user, email, prenom, nom, motDepass) values (59, 'smaffy1m@ox.ac.uk', 'Sandra', 'Maffy', '1d9e6426f1af611c06626e8a308e8273');
insert into Utilisateurs (id_user, email, prenom, nom, motDepass) values (60, 'rkedwell1n@thetimes.co.uk', 'Raeann', 'Kedwell', 'b002144cd6a61a5488a333bc2f59ab3e');
insert into Utilisateurs (id_user, email, prenom, nom, motDepass) values (61, 'adanilovic1o@geocities.jp', 'Athene', 'Danilovic', '32fcbaf9cf72d1e9980ec00051b3dce3');
insert into Utilisateurs (id_user, email, prenom, nom, motDepass) values (62, 'psweeny1p@tinyurl.com', 'Pegeen', 'Sweeny', '07f8457c6164fa04e7332b42775e52da');
insert into Utilisateurs (id_user, email, prenom, nom, motDepass) values (63, 'bmcgrath1q@princeton.edu', 'Beryl', 'Mc Grath', '54a69b31ce1ab6a9e59a7d3253ecfc38');
insert into Utilisateurs (id_user, email, prenom, nom, motDepass) values (64, 'bgotobed1r@ebay.com', 'Brittaney', 'Gotobed', 'df0378eef850b786f1120a4578f8b651');
insert into Utilisateurs (id_user, email, prenom, nom, motDepass) values (65, 'tappleby1s@guardian.co.uk', 'Tabbatha', 'Appleby', 'daab2daa27d6982733744ccb0cd571e7');
insert into Utilisateurs (id_user, email, prenom, nom, motDepass) values (66, 'jlovel1t@wufoo.com', 'Joni', 'Lovel', '0b7508f85925e46ee17b6dea3e67d3e5');
insert into Utilisateurs (id_user, email, prenom, nom, motDepass) values (67, 'pgoor1u@chronoengine.com', 'Petronille', 'Goor', '62b17f48b45bc627f7d1802197e761b4');
insert into Utilisateurs (id_user, email, prenom, nom, motDepass) values (68, 'cgellan1v@ucla.edu', 'Cesya', 'Gellan', '2174841fff7a89ef2e39ab18ecaf970f');
insert into Utilisateurs (id_user, email, prenom, nom, motDepass) values (69, 'avezey1w@earthlink.net', 'Astra', 'Vezey', '0bd7c1a2f886d7d87da08783d00af00f');
insert into Utilisateurs (id_user, email, prenom, nom, motDepass) values (70, 'ppreshaw1x@hugedomains.com', 'Pammie', 'Preshaw', '76d0d721bac77f890d0ab559c848a41f');
insert into Utilisateurs (id_user, email, prenom, nom, motDepass) values (71, 'cdowngate1y@yelp.com', 'Clarisse', 'Downgate', '7b468534e960695f0fd50bad7320dd2a');
insert into Utilisateurs (id_user, email, prenom, nom, motDepass) values (72, 'cshotton1z@biglobe.ne.jp', 'Cathlene', 'Shotton', '62b6e4d3a13e8387edcd5356440d0ca3');
insert into Utilisateurs (id_user, email, prenom, nom, motDepass) values (73, 'dfitzsimons20@ask.com', 'Darsie', 'Fitzsimons', '99b09c7e1d3d07fc710b482585bf1376');
insert into Utilisateurs (id_user, email, prenom, nom, motDepass) values (74, 'mkassel21@shutterfly.com', 'Melva', 'Kassel', 'f9a58a1e294021a8fa19cfd5682cb7c4');
insert into Utilisateurs (id_user, email, prenom, nom, motDepass) values (75, 'adumbrell22@studiopress.com', 'Aubree', 'Dumbrell', '3b29cdc1de49205c0fbd158bfdf0c332');
insert into Utilisateurs (id_user, email, prenom, nom, motDepass) values (76, 'kjosefson23@booking.com', 'Kelley', 'Josefson', 'f8c789a8c947167efd210cecbf738d9b');
insert into Utilisateurs (id_user, email, prenom, nom, motDepass) values (77, 'nmitton24@pcworld.com', 'Natalee', 'Mitton', 'fb74953c3261af87044bf9a50a0ce411');
insert into Utilisateurs (id_user, email, prenom, nom, motDepass) values (78, 'vboles25@jalbum.net', 'Vikky', 'Boles', 'd9d8a7c9e8e1d5b232b7189826013af0');
insert into Utilisateurs (id_user, email, prenom, nom, motDepass) values (79, 'dtuft26@sciencedaily.com', 'Debbi', 'Tuft', '3acc60b5e32ae596102290b40dff69ce');
insert into Utilisateurs (id_user, email, prenom, nom, motDepass) values (80, 'aadamov27@ihg.com', 'Agathe', 'Adamov', 'bce48bf24d7d958aa851a1b0d47991da');
insert into Utilisateurs (id_user, email, prenom, nom, motDepass) values (81, 'epauly28@reddit.com', 'Essy', 'Pauly', 'd4561d91a7537b370edad518d76f99fb');
insert into Utilisateurs (id_user, email, prenom, nom, motDepass) values (82, 'mskudder29@123-reg.co.uk', 'Milena', 'Skudder', 'de84cebf158bb9c7603a8cdabcad62ac');
insert into Utilisateurs (id_user, email, prenom, nom, motDepass) values (83, 'kclissold2a@symantec.com', 'Katerine', 'Clissold', '63024b8be5ac57764bd649da04eb087c');
insert into Utilisateurs (id_user, email, prenom, nom, motDepass) values (84, 'gpawley2b@icq.com', 'Gretchen', 'Pawley', '7bab040500aa577045b7009770f4a7be');
insert into Utilisateurs (id_user, email, prenom, nom, motDepass) values (85, 'vbrownfield2c@topsy.com', 'Vallie', 'Brownfield', '18fc0323eb19ef5179981b4ded8ef2d1');
insert into Utilisateurs (id_user, email, prenom, nom, motDepass) values (86, 'fsickling2d@lulu.com', 'Frannie', 'Sickling', 'f0bca9be94c6724dfcf1604845e7131b');
insert into Utilisateurs (id_user, email, prenom, nom, motDepass) values (87, 'gbleasby2e@prweb.com', 'Gae', 'Bleasby', '9413420874990a25ac5bb941e6b1e7d3');
insert into Utilisateurs (id_user, email, prenom, nom, motDepass) values (88, 'abrennen2f@ehow.com', 'Adan', 'Brennen', 'a42056c3675c328713f072c1a4f08e90');
insert into Utilisateurs (id_user, email, prenom, nom, motDepass) values (89, 'ekytter2g@ed.gov', 'Evaleen', 'Kytter', '43f1d4beb649bb79a7ce77e71aef5933');
insert into Utilisateurs (id_user, email, prenom, nom, motDepass) values (90, 'sblitz2h@dyndns.org', 'Simonette', 'Blitz', 'b026d5526d0772a3c3b7257f62ccfb8a');
insert into Utilisateurs (id_user, email, prenom, nom, motDepass) values (91, 'ugeorgelin2i@fema.gov', 'Umeko', 'Georgelin', 'ec915021777b13ed3d81aec7b02d2470');
insert into Utilisateurs (id_user, email, prenom, nom, motDepass) values (92, 'vlighten2j@nhs.uk', 'Valeda', 'Lighten', 'b2517e17fba2d6d38909cd619f20fc4e');
insert into Utilisateurs (id_user, email, prenom, nom, motDepass) values (93, 'hvane2k@networkadvertising.org', 'Halli', 'Vane', '28b0a137ff6cb274f0e081e4f5b66418');
insert into Utilisateurs (id_user, email, prenom, nom, motDepass) values (94, 'hlindenbluth2l@sciencedirect.com', 'Heida', 'Lindenbluth', '520f4b89913a6cc580c7057519c4fa22');
insert into Utilisateurs (id_user, email, prenom, nom, motDepass) values (95, 'rbroadberry2m@linkedin.com', 'Reine', 'Broadberry', 'c1eec51e4d37bdaeb31ea54af5758ba3');
insert into Utilisateurs (id_user, email, prenom, nom, motDepass) values (96, 'jneeve2n@nytimes.com', 'Jillayne', 'Neeve', 'dab4b20fdea412df16408a58b31a2822');
insert into Utilisateurs (id_user, email, prenom, nom, motDepass) values (97, 'laxcell2o@tiny.cc', 'Loella', 'Axcell', 'b8f83158c69d9399091e5ebf1d88ae19');
insert into Utilisateurs (id_user, email, prenom, nom, motDepass) values (98, 'bdaenen2p@thetimes.co.uk', 'Blake', 'Daenen', '0e5f8ee452fe47f786445ece62933eb9');
insert into Utilisateurs (id_user, email, prenom, nom, motDepass) values (99, 'asacher2q@ucoz.ru', 'Adrian', 'Sacher', 'e0cb88261ab42e297ed510748449c30f');
insert into Utilisateurs (id_user, email, prenom, nom, motDepass) values (100, 'mcausey2r@discovery.com', 'Meara', 'Causey', '1f185035ae5c44ae4dabb63746d95ea2');

USE phoneShop;

insert into Marques(id_marque, nom_marque, description_marque) values (1,'Apple', "Fabriquant de tous les telephones Iphones");
insert into Marques(id_marque, nom_marque, description_marque) values (2,'Samsung', "Fabriquant de tous les telephones Samsung");
insert into Marques(id_marque, nom_marque, description_marque) values (3,'Huawei', "Fabriquant de tous les telephones Huawei");
insert into Marques(id_marque, nom_marque, description_marque) values (4,'Sony-Ericson', "Fabriquant de tous les telephones Sony-Ericson");
insert into Marques(id_marque, nom_marque, description_marque) values (5,'Blacberry', "Fabriquant de tous les telephones Blackberry");
insert into Marques(id_marque, nom_marque, description_marque) values (6,'Tecno', "Fabriquant de tous les telephones Tecno");
insert into Marques(id_marque, nom_marque, description_marque) values (7,'Nokia', "Fabriquant de tous les telephones Nokia");
insert into Marques(id_marque, nom_marque, description_marque) values (8,'Motorola', "Fabriquant de tous les telephones Motorola");
insert into Marques(id_marque, nom_marque, description_marque) values (9,'Alcatel', "Fabriquant de tous les telephones Alcatel");
insert into Marques(id_marque, nom_marque,  description_marque) values (10,'LG', "Fabriquant de tous les telephones LG");




insert into Produits (id_produit,modele, prix, imageUrl, memoire, taille_ecran, poids, bluetooth, cpu, ecouteur, id_marque) values (1, 'Iphone X', 868.68,'https://static.boutique.orange.fr/media-cms/mediatheque/636x900-iphone-x-gris-sideral---vue-1-105038.jpg', '68-Gb', '4,6 Po', '845 g', 'Bluetooth 7,6', 'quam', 1, 1);

insert into Produits (id_produit,modele, prix, imageUrl, memoire, taille_ecran, poids, bluetooth, cpu, ecouteur, id_marque) values (2, 'Iphone 6', 868.68,'https://dyw7ncnq1en5l.cloudfront.net/optim/produits/71/17445/apple-iphone-6_7bb126b67e36c6cb.png', '68-Gb', '4,6 Po', '845 g', 'Bluetooth 7,6', 'quam', 1, 1);

insert into Produits (id_produit,modele, prix, imageUrl, memoire, taille_ecran, poids, bluetooth, cpu, ecouteur, id_marque) values (3, 'Iphone 6s', 868.68,'https://drop.ndtv.com/TECH/product_database/images/910201511527AM_635_apple_iphone_6s.jpeg', '68-Gb', '4,6 Po', '845 g', 'Bluetooth 7,6', 'quam', 1, 1);

insert into Produits (id_produit,modele, prix, imageUrl, memoire, taille_ecran, poids, bluetooth, cpu, ecouteur, id_marque) values (4, 'Iphone 7', 868.68,'http://imperiastores.com/wp-content/uploads/2017/11/rose-gold-iph7.png', '68-Gb', '4,6 Po', '845 g', 'Bluetooth 7,6', 'quam', 1, 1);

insert into Produits (id_produit,modele, prix, imageUrl, memoire, taille_ecran, poids, bluetooth, cpu, ecouteur, id_marque) values (5, 'Iphone 7 plus', 868.68,'https://images-na.ssl-images-amazon.com/images/I/81b7oHjvbbL._SX569_.jpg', '68-Gb', '4,6 Po', '845 g', 'Bluetooth 7,6', 'quam', 1, 1);


insert into Produits (id_produit,modele, prix, imageUrl, memoire, taille_ecran, poids, bluetooth, cpu, ecouteur, id_marque) values (6, 'Iphone 8', 868.68,'https://store.storeimages.cdn-apple.com/4668/as-images.apple.com/is/image/AppleInc/aos/published/images/i/ph/iphone8/gold/iphone8-gold-select-2018?wid=940&hei=1112&fmt=png-alpha&qlt=80&.v=1550795416637', '68-Gb', '4,6 Po', '845 g', 'Bluetooth 7,6', 'quam', 1, 1);

insert into Produits (id_produit,modele, prix, imageUrl, memoire, taille_ecran, poids, bluetooth, cpu, ecouteur, id_marque) values (7, 'Iphone 8', 868.68,'https://store.storeimages.cdn-apple.com/4668/as-images.apple.com/is/image/AppleInc/aos/published/images/i/ph/iphone8/gold/iphone8-gold-select-2018?wid=940&hei=1112&fmt=png-alpha&qlt=80&.v=1550795416637', '68-Gb', '4,6 Po', '845 g', 'Bluetooth 7,6', 'quam', 1, 1);

insert into Produits (id_produit,modele, prix, imageUrl, memoire, taille_ecran, poids, bluetooth, cpu, ecouteur, id_marque) values (8, 'vulputate nonummy', 307.63, 'https://dyw7ncnq1en5l.cloudfront.net/optim/produits/36/42287/samsung-galaxy-s9_374e6bf6258ba0d3__450_400.jpg', '56-Gb', '3,6 Po', '677 g', 'Bluetooth 3,8', 'ut', 0, 5);

insert into Produits (id_produit,modele, prix, imageUrl, memoire, taille_ecran, poids, bluetooth, cpu, ecouteur, id_marque) values (9, 'Iphone 8', 868.68,'https://store.storeimages.cdn-apple.com/4668/as-images.apple.com/is/image/AppleInc/aos/published/images/i/ph/iphone8/gold/iphone8-gold-select-2018?wid=940&hei=1112&fmt=png-alpha&qlt=80&.v=1550795416637', '68-Gb', '4,6 Po', '845 g', 'Bluetooth 7,6', 'quam', 1, 1);

insert into Produits (id_produit,modele, prix, imageUrl, memoire, taille_ecran, poids, bluetooth, cpu, ecouteur, id_marque) values (10, 'Iphone 8', 868.68,'https://store.storeimages.cdn-apple.com/4668/as-images.apple.com/is/image/AppleInc/aos/published/images/i/ph/iphone8/gold/iphone8-gold-select-2018?wid=940&hei=1112&fmt=png-alpha&qlt=80&.v=1550795416637', '68-Gb', '4,6 Po', '845 g', 'Bluetooth 7,6', 'quam', 1, 1);

insert into Produits (id_produit,modele, prix, imageUrl, memoire, taille_ecran, poids, bluetooth, cpu, ecouteur, id_marque) values (11, 'Iphone 8 plus', 868.68,'https://i.pinimg.com/originals/1f/6c/7d/1f6c7dccc8628389a2b4b2f1c367ffd9.jpg', '68-Gb', '4,6 Po', '845 g', 'Bluetooth 7,6', 'quam', 1, 1);

insert into Produits (id_produit,modele, prix, imageUrl, memoire, taille_ecran, poids, bluetooth, cpu, ecouteur, id_marque) values (12, 'Iphone 8 plus', 868.68,'https://i.pinimg.com/originals/1f/6c/7d/1f6c7dccc8628389a2b4b2f1c367ffd9.jpg', '68-Gb', '4,6 Po', '845 g', 'Bluetooth 7,6', 'quam', 1, 1);

insert into Produits (id_produit,modele, prix, imageUrl, memoire, taille_ecran, poids, bluetooth, cpu, ecouteur, id_marque) values (13, 'Iphone 8 plus', 868.68,'https://i.pinimg.com/originals/1f/6c/7d/1f6c7dccc8628389a2b4b2f1c367ffd9.jpg', '68-Gb', '4,6 Po', '845 g', 'Bluetooth 7,6', 'quam', 1, 1);

insert into Produits (id_produit,modele, prix, imageUrl, memoire, taille_ecran, poids, bluetooth, cpu, ecouteur, id_marque) values (14, 'Iphone 8 plus', 868.68,'https://i.pinimg.com/originals/1f/6c/7d/1f6c7dccc8628389a2b4b2f1c367ffd9.jpg', '68-Gb', '4,6 Po', '845 g', 'Bluetooth 7,6', 'quam', 1, 1);

insert into Produits (id_produit,modele, prix, imageUrl, memoire, taille_ecran, poids, bluetooth, cpu, ecouteur, id_marque) values (15, 'Iphone 8 plus', 868.68,'https://i.pinimg.com/originals/1f/6c/7d/1f6c7dccc8628389a2b4b2f1c367ffd9.jpg', '68-Gb', '4,6 Po', '845 g', 'Bluetooth 7,6', 'quam', 1, 1);

insert into Produits (id_produit,modele, prix, imageUrl, memoire, taille_ecran, poids, bluetooth, cpu, ecouteur, id_marque) values (16, 'Iphone 8 plus', 868.68,'https://i.pinimg.com/originals/1f/6c/7d/1f6c7dccc8628389a2b4b2f1c367ffd9.jpg', '68-Gb', '4,6 Po', '845 g', 'Bluetooth 7,6', 'quam', 1, 1);

insert into Produits (id_produit,modele, prix, imageUrl, memoire, taille_ecran, poids, bluetooth, cpu, ecouteur, id_marque) values (17, 'Iphone 8 plus', 885.68,'https://i.pinimg.com/originals/1f/6c/7d/1f6c7dccc8628389a2b4b2f1c367ffd9.jpg', '68-Gb', '4,6 Po', '845 g', 'Bluetooth 7,6', 'quam', 1, 1);

insert into Produits (id_produit,modele, prix, imageUrl, memoire, taille_ecran, poids, bluetooth, cpu, ecouteur, id_marque) values (18, 'Iphone 8 plus', 898.68,'https://i.pinimg.com/originals/1f/6c/7d/1f6c7dccc8628389a2b4b2f1c367ffd9.jpg', '68-Gb', '4,6 Po', '845 g', 'Bluetooth 7,6', 'quam', 1, 1);

insert into Produits (id_produit,modele, prix, imageUrl, memoire, taille_ecran, poids, bluetooth, cpu, ecouteur, id_marque) values (19, 'Iphone 8 plus', 858.68,'https://i.pinimg.com/originals/1f/6c/7d/1f6c7dccc8628389a2b4b2f1c367ffd9.jpg', '68-Gb', '4,6 Po', '845 g', 'Bluetooth 7,6', 'quam', 1, 1);

insert into Produits (id_produit,modele, prix, imageUrl, memoire, taille_ecran, poids, bluetooth, cpu, ecouteur, id_marque) values (20, 'Iphone 8 plus', 846.68,'https://i.pinimg.com/originals/1f/6c/7d/1f6c7dccc8628389a2b4b2f1c367ffd9.jpg', '68-Gb', '4,6 Po', '845 g', 'Bluetooth 7,6', 'quam', 1, 1);

insert into Produits (id_produit,modele, prix, imageUrl, memoire, taille_ecran, poids, bluetooth, cpu, ecouteur, id_marque) values (21, 'Iphone x', 868.68,'https://g.foolcdn.com/image/?url=https%3A%2F%2Fg.foolcdn.com%2Feditorial%2Fimages%2F473180%2Fiphone_x_family_line_up.jpg&w=700&op=resize', '68-Gb', '4,6 Po', '845 g', 'Bluetooth 7,6', 'quam', 1, 1);

insert into Produits (id_produit,modele, prix, imageUrl, memoire, taille_ecran, poids, bluetooth, cpu, ecouteur, id_marque) values (22, 'Iphone x', 854.68,'https://g.foolcdn.com/image/?url=https%3A%2F%2Fg.foolcdn.com%2Feditorial%2Fimages%2F473180%2Fiphone_x_family_line_up.jpg&w=700&op=resize', '68-Gb', '4,6 Po', '845 g', 'Bluetooth 7,6', 'quam', 1, 1);

insert into Produits (id_produit,modele, prix, imageUrl, memoire, taille_ecran, poids, bluetooth, cpu, ecouteur, id_marque) values (23, 'Iphone x', 885.68,'https://g.foolcdn.com/image/?url=https%3A%2F%2Fg.foolcdn.com%2Feditorial%2Fimages%2F473180%2Fiphone_x_family_line_up.jpg&w=700&op=resize', '68-Gb', '4,6 Po', '845 g', 'Bluetooth 7,6', 'quam', 1, 1);

insert into Produits (id_produit,modele, prix, imageUrl, memoire, taille_ecran, poids, bluetooth, cpu, ecouteur, id_marque) values (24, 'Iphone x', 900.68,'https://g.foolcdn.com/image/?url=https%3A%2F%2Fg.foolcdn.com%2Feditorial%2Fimages%2F473180%2Fiphone_x_family_line_up.jpg&w=700&op=resize', '68-Gb', '4,6 Po', '845 g', 'Bluetooth 7,6', 'quam', 1, 1);

insert into Produits (id_produit,modele, prix, imageUrl, memoire, taille_ecran, poids, bluetooth, cpu, ecouteur, id_marque) values (25, 'lacus curabitur', 358.78, 'https://g.foolcdn.com/image/?url=https%3A%2F%2Fg.foolcdn.com%2Feditorial%2Fimages%2F473180%2Fiphone_x_family_line_up.jpg&w=700&op=resize', '59-Gb', '4,4 Po', '511 g', 'Bluetooth 6,6', 'justo', 1, 1);


insert into Produits (id_produit,modele, prix, imageUrl, memoire, taille_ecran, poids, bluetooth, cpu, ecouteur, id_marque) values (26, 'Iphone XS', 1030.91, 'https://www.incredible.co.za/media/catalog/product/cache/3/image/1400x/0dc2d03fe217f8c83829496872af24a0/a/p/apple_iphone_xs_max_64gb_space_grey-01.jpg', '80-Gb', '3,2 Po', '704 g', 'Bluetooth 4,2', 'viverra', 0, 1);

insert into Produits (id_produit,modele, prix, imageUrl, memoire, taille_ecran, poids, bluetooth, cpu, ecouteur, id_marque) values (27, 'Samsung galaxy S8+', 845.73, 'https://dyw7ncnq1en5l.cloudfront.net/optim/produits/36/36047/samsung-galaxy-s8_8a0d10ed38f7af08__450_400.png', '43-Gb', '0,8 Po', '684 g', 'Bluetooth 8,6', 'est', 1, 2);

insert into Produits (id_produit,modele, prix, imageUrl, memoire, taille_ecran, poids, bluetooth, cpu, ecouteur, id_marque) values (28, 'Samsung galaxy S9', 994.76, 'https://dyw7ncnq1en5l.cloudfront.net/optim/produits/36/42287/samsung-galaxy-s9_374e6bf6258ba0d3__450_400.jpg', '83-Gb', '2,4 Po', '117 g', 'Bluetooth 3,0', 'nunc', 0, 2);
insert into Produits (id_produit,modele, prix, imageUrl, memoire, taille_ecran, poids, bluetooth, cpu, ecouteur, id_marque) values (29, 'Samsung galaxy S9', 635.76, 'https://dyw7ncnq1en5l.cloudfront.net/optim/produits/36/42287/samsung-galaxy-s9_374e6bf6258ba0d3__450_400.jpg', '99-Gb', '3,3 Po', '979 g', 'Bluetooth 4,8', 'tincidunt', 1, 8);
insert into Produits (id_produit,modele, prix, imageUrl, memoire, taille_ecran, poids, bluetooth, cpu, ecouteur, id_marque) values (30, 'Blacberry', 429.46, 'https://i2.cdscdn.com/pdt2/5/2/0/1/700x700/blackberrycu8520/rw/blackberry-curve-8520-noir.jpg', '04-Gb', '6,5 Po', '067 g', 'Bluetooth 6,4', 'nam', 0, 5);

insert into Produits (id_produit,modele, prix, imageUrl, memoire, taille_ecran, poids, bluetooth, cpu, ecouteur, id_marque) values (31, 'Tecno', 818.44, 'https://www.electromenager-dakar.com/wp-content/uploads/2018/05/TELEPHONE-TECNO-K8.jpg', '86-Gb', '8,3 Po', '527 g', 'Bluetooth 3,9', 'vulputate', 0, 6);

insert into Produits (id_produit,modele, prix, imageUrl, memoire, taille_ecran, poids, bluetooth, cpu, ecouteur, id_marque) values (32, 'LG V3', 143.14, 'https://media.wired.com/photos/5b22dcc7714d3b70d9ed7f32/master/pass/LG-V30-Cloud-SilverTA.jpg', '42-Gb', '6,0 Po', '617 g', 'Bluetooth 3,3', 'ipsum', 0, 10);

insert into Produits (id_produit,modele, prix, imageUrl, memoire, taille_ecran, poids, bluetooth, cpu, ecouteur, id_marque) values (33, 'vestibulum ante', 728.53, 'https://media.wired.com/photos/5b22dcc7714d3b70d9ed7f32/master/pass/LG-V30-Cloud-SilverTA.jpg','86-Gb', '7,9 Po', '227 g', 'Bluetooth 8,8', 'lobortis', 1, 10);

insert into Produits (id_produit,modele, prix, imageUrl, memoire, taille_ecran, poids, bluetooth, cpu, ecouteur, id_marque) values (34, 'vulputate nonummy', 1191.10,'https://media.wired.com/photos/5b22dcc7714d3b70d9ed7f32/master/pass/LG-V30-Cloud-SilverTA.jpg', '20-Gb', '6,8 Po', '117 g', 'Bluetooth 4,1', 'in', 1, 10);

insert into Produits (id_produit,modele, prix, imageUrl, memoire, taille_ecran, poids, bluetooth, cpu, ecouteur, id_marque) values (35, 'LG 1', 687.94, 'https://www.lg.com/au/images/smartphones/md05970977/gallery/G7_medium01.jpg', '65-Gb', '9,5 Po', '841 g', 'Bluetooth 7,9', 'odio', 0, 10);
insert into Produits (id_produit,modele, prix, imageUrl, memoire, taille_ecran, poids, bluetooth, cpu, ecouteur, id_marque) values (36, 'LG 2', 634.67, 'https://www.lg.com/au/images/smartphones/md05970977/gallery/G7_medium01.jpg', '22-Gb', '7,7 Po', '313 g', 'Bluetooth 4,0', 'mauris', 0, 10);
insert into Produits (id_produit,modele, prix, imageUrl, memoire, taille_ecran, poids, bluetooth, cpu, ecouteur, id_marque) values (37, 'LG 3', 749.52, 'https://www.lg.com/au/images/smartphones/md05970977/gallery/G7_medium01.jpg', '12-Gb', '1,7 Po', '403 g', 'Bluetooth 6,2', 'vestibulum', 1, 10);
insert into Produits (id_produit,modele, prix, imageUrl, memoire, taille_ecran, poids, bluetooth, cpu, ecouteur, id_marque) values (38, 'LG 3', 749.52, 'https://www.lg.com/au/images/smartphones/md05970977/gallery/G7_medium01.jpg', '12-Gb', '1,7 Po', '403 g', 'Bluetooth 6,2', 'vestibulum', 1, 10);
insert into Produits (id_produit,modele, prix, imageUrl, memoire, taille_ecran, poids, bluetooth, cpu, ecouteur, id_marque) values (39, 'LG 4', 657.24, 'https://www.lg.com/au/images/smartphones/md05970977/gallery/G7_medium01.jpg', '08-Gb', '9,1 Po', '371 g', 'Bluetooth 1,7', 'ante', 0, 10);
insert into Produits (id_produit,modele, prix, imageUrl, memoire, taille_ecran, poids, bluetooth, cpu, ecouteur, id_marque) values (40, 'LG 5', 1062.85, 'https://www.lg.com/au/images/smartphones/md05970977/gallery/G7_medium01.jpg', '53-Gb', '5,1 Po', '369 g', 'Bluetooth 7,1', 'facilisi', 0, 10);
insert into Produits (id_produit,modele, prix, imageUrl, memoire, taille_ecran, poids, bluetooth, cpu, ecouteur, id_marque) values (41, 'cursus vestibulum', 231.87, 'https://store.storeimages.cdn-apple.com/4668/as-images.apple.com/is/image/AppleInc/aos/published/images/i/ph/iphone8/gold/iphone8-gold-select-2018?wid=940&hei=1112&fmt=png-alpha&qlt=80&.v=1550795416637', '75-Gb', '5,5 Po', '841 g', 'Bluetooth 2,1', 'posuere', 0, 7);
insert into Produits (id_produit,modele, prix, imageUrl, memoire, taille_ecran, poids, bluetooth, cpu, ecouteur, id_marque) values (42, 'in hac', 1024.37, 'https://store.storeimages.cdn-apple.com/4668/as-images.apple.com/is/image/AppleInc/aos/published/images/i/ph/iphone8/gold/iphone8-gold-select-2018?wid=940&hei=1112&fmt=png-alpha&qlt=80&.v=1550795416637', '58-Gb', '1,4 Po', '024 g', 'Bluetooth 8,1', 'mollis', 0, 7);
insert into Produits (id_produit,modele, prix, imageUrl, memoire, taille_ecran, poids, bluetooth, cpu, ecouteur, id_marque) values (43, 'tellus semper', 355.16, 'https://store.storeimages.cdn-apple.com/4668/as-images.apple.com/is/image/AppleInc/aos/published/images/i/ph/iphone8/plus/iphone8-plus-silver-select-2018?wid=940&hei=1112&fmt=png-alpha&qlt=80&.v=1550795419237', '08-Gb', '1,6 Po', '219 g', 'Bluetooth 2,6', 'elementum', 1, 5);
insert into Produits (id_produit,modele, prix, imageUrl, memoire, taille_ecran, poids, bluetooth, cpu, ecouteur, id_marque) values (44, 'turpis eget', 1121.01, 'https://store.storeimages.cdn-apple.com/4668/as-images.apple.com/is/image/AppleInc/aos/published/images/i/ph/iphone8/plus/iphone8-plus-silver-select-2018?wid=940&hei=1112&fmt=png-alpha&qlt=80&.v=1550795419237', '40-Gb', '3,1 Po', '279 g', 'Bluetooth 8,4', 'tincidunt', 1, 6);
insert into Produits (id_produit,modele, prix, imageUrl, memoire, taille_ecran, poids, bluetooth, cpu, ecouteur, id_marque) values (45, 'tincidunt eu', 122.18, 'https://store.storeimages.cdn-apple.com/4668/as-images.apple.com/is/image/AppleInc/aos/published/images/i/ph/iphone8/plus/iphone8-plus-silver-select-2018?wid=940&hei=1112&fmt=png-alpha&qlt=80&.v=1550795419237', '98-Gb', '9,0 Po', '925 g', 'Bluetooth 6,5', 'arcu', 1, 5);
insert into Produits (id_produit,modele, prix, imageUrl, memoire, taille_ecran, poids, bluetooth, cpu, ecouteur, id_marque) values (46, 'lectus pellentesque', 1068.54, 'https://store.storeimages.cdn-apple.com/4668/as-images.apple.com/is/image/AppleInc/aos/published/images/i/ph/iphone8/plus/iphone8-plus-silver-select-2018?wid=940&hei=1112&fmt=png-alpha&qlt=80&.v=1550795419237', '77-Gb', '2,5 Po', '092 g', 'Bluetooth 8,1', 'id', 0, 2);
insert into Produits (id_produit,modele, prix, imageUrl, memoire, taille_ecran, poids, bluetooth, cpu, ecouteur, id_marque) values (47, 'ligula pellentesque', 625.83, 'https://store.storeimages.cdn-apple.com/4668/as-images.apple.com/is/image/AppleInc/aos/published/images/i/ph/iphone8/plus/iphone8-plus-silver-select-2018?wid=940&hei=1112&fmt=png-alpha&qlt=80&.v=1550795419237', '89-Gb', '6,5 Po', '794 g', 'Bluetooth 5,7', 'diam', 0, 4);
insert into Produits (id_produit,modele, prix, imageUrl, memoire, taille_ecran, poids, bluetooth, cpu, ecouteur, id_marque) values (48, 'nisi volutpat', 219.99, 'https://store.storeimages.cdn-apple.com/4668/as-images.apple.com/is/image/AppleInc/aos/published/images/i/ph/iphone8/plus/iphone8-plus-silver-select-2018?wid=940&hei=1112&fmt=png-alpha&qlt=80&.v=1550795419237', '96-Gb', '5,5 Po', '900 g', 'Bluetooth 2,1', 'curae', 0, 6);
insert into Produits (id_produit,modele, prix, imageUrl, memoire, taille_ecran, poids, bluetooth, cpu, ecouteur, id_marque) values (49, 'erat id', 121.40, 'https://static.fnac-static.com/multimedia/Images/FR/MDM/ab/a2/38/3711659/1505-1/tsp20180913070636/Apple-iPhone-8-Plus-64-Go-5-5-Rouge.jpg', '84-Gb', '0,0 Po', '998 g', 'Bluetooth 1,7', 'quis', 0, 2);
insert into Produits (id_produit,modele, prix, imageUrl, memoire, taille_ecran, poids, bluetooth, cpu, ecouteur, id_marque) values (50, 'LG 6', 1096.75, 'https://www.lg.com/au/images/smartphones/md05970977/gallery/G7_medium01.jpg', '84-Gb', '5,6 Po', '455 g', 'Bluetooth 1,3', 'pellentesque', 1, 10);
insert into Produits (id_produit,modele, prix, imageUrl, memoire, taille_ecran, poids, bluetooth, cpu, ecouteur, id_marque) values (51, 'LG 7', 522.61, 'https://www.lg.com/au/images/smartphones/md05970977/gallery/G7_medium01.jpg', '44-Gb', '5,1 Po', '595 g', 'Bluetooth 4,9', 'natoque', 1, 10);
insert into Produits (id_produit,modele, prix, imageUrl, memoire, taille_ecran, poids, bluetooth, cpu, ecouteur, id_marque) values (52, 'LG 8', 908.11, 'https://www.lg.com/au/images/smartphones/md05970977/gallery/G7_medium01.jpg', '38-Gb', '9,2 Po', '982 g', 'Bluetooth 0,3', 'ut', 1, 10);
insert into Produits (id_produit,modele, prix, imageUrl, memoire, taille_ecran, poids, bluetooth, cpu, ecouteur, id_marque) values (53, 'LG 9', 1017.64, 'https://www.lg.com/au/images/smartphones/md05970977/gallery/G7_medium01.jpg', '55-Gb', '8,5 Po', '164 g', 'Bluetooth 8,8', 'nulla', 0, 10);
insert into Produits (id_produit,modele, prix, imageUrl, memoire, taille_ecran, poids, bluetooth, cpu, ecouteur, id_marque) values (54, 'LG 10', 272.77, 'https://www.lg.com/au/images/smartphones/md05970977/gallery/G7_medium01.jpg', '54-Gb', '7,6 Po', '107 g', 'Bluetooth 1,7', 'amet', 1, 10);
insert into Produits (id_produit,modele, prix, imageUrl, memoire, taille_ecran, poids, bluetooth, cpu, ecouteur, id_marque) values (55, 'LG 11', 1083.03, 'https://www.lg.com/au/images/smartphones/md05970977/gallery/G7_medium01.jpg', '73-Gb', '9,1 Po', '136 g', 'Bluetooth 0,4', 'odio', 0, 10);
insert into Produits (id_produit,modele, prix, imageUrl, memoire, taille_ecran, poids, bluetooth, cpu, ecouteur, id_marque) values (56, 'LG 12', 122.63, 'https://www.lg.com/au/images/smartphones/md05970977/gallery/G7_medium01.jpg', '73-Gb', '6,3 Po', '847 g', 'Bluetooth 4,3', 'tellus', 0, 10);
insert into Produits (id_produit,modele, prix, imageUrl, memoire, taille_ecran, poids, bluetooth, cpu, ecouteur, id_marque) values (57, 'LG 13', 399.08, 'https://www.lg.com/au/images/smartphones/md05970977/gallery/G7_medium01.jpg', '67-Gb', '0,7 Po', '056 g', 'Bluetooth 8,2', 'pellentesque', 1, 10);
insert into Produits (id_produit,modele, prix, imageUrl, memoire, taille_ecran, poids, bluetooth, cpu, ecouteur, id_marque) values (58, 'LG 14', 1152.53, 'https://www.lg.com/au/images/smartphones/md05970977/gallery/G7_medium01.jpg', '51-Gb', '7,8 Po', '193 g', 'Bluetooth 8,4', 'integer', 0, 10);
insert into Produits (id_produit,modele, prix, imageUrl, memoire, taille_ecran, poids, bluetooth, cpu, ecouteur, id_marque) values (59, 'LG 15', 239.32, 'https://www.lg.com/au/images/smartphones/md05970977/gallery/G7_medium01.jpg', '43-Gb', '2,5 Po', '966 g', 'Bluetooth 9,2', 'ultrices', 0, 10);
insert into Produits (id_produit,modele, prix, imageUrl, memoire, taille_ecran, poids, bluetooth, cpu, ecouteur, id_marque) values (60, 'LG V30', 333.04, 'https://media.wired.com/photos/5b22dcc7714d3b70d9ed7f32/master/pass/LG-V30-Cloud-SilverTA.jpg', '52-Gb', '7,0 Po', '587 g', 'Bluetooth 7,4', 'sit', 0, 10);
insert into Produits (id_produit,modele, prix, imageUrl, memoire, taille_ecran, poids, bluetooth, cpu, ecouteur, id_marque) values (61, 'LG V10', 1037.21, 'https://media.wired.com/photos/5b22dcc7714d3b70d9ed7f32/master/pass/LG-V30-Cloud-SilverTA.jpg', '64-Gb', '2,6 Po', '748 g', 'Bluetooth 7,5', 'pede', 0, 10);
insert into Produits (id_produit,modele, prix, imageUrl, memoire, taille_ecran, poids, bluetooth, cpu, ecouteur, id_marque) values (62, 'LG V31', 1063.86, 'https://media.wired.com/photos/5b22dcc7714d3b70d9ed7f32/master/pass/LG-V30-Cloud-SilverTA.jpg', '84-Gb', '4,1 Po', '899 g', 'Bluetooth 3,9', 'vivamus', 1, 10);
insert into Produits (id_produit,modele, prix, imageUrl, memoire, taille_ecran, poids, bluetooth, cpu, ecouteur, id_marque) values (63, 'dapibus duis', 1143.78, 'https://media.wired.com/photos/5b22dcc7714d3b70d9ed7f32/master/pass/LG-V30-Cloud-SilverTA.jpg', '37-Gb', '3,8 Po', '900 g', 'Bluetooth 5,0', 'ac', 0, 5);
insert into Produits (id_produit,modele, prix, imageUrl, memoire, taille_ecran, poids, bluetooth, cpu, ecouteur, id_marque) values (64, 'tellus nulla', 385.15, 'https://media.wired.com/photos/5b22dcc7714d3b70d9ed7f32/master/pass/LG-V30-Cloud-SilverTA.jpg', '19-Gb', '4,5 Po', '787 g', 'Bluetooth 2,3', 'vitae', 0, 6);
insert into Produits (id_produit,modele, prix, imageUrl, memoire, taille_ecran, poids, bluetooth, cpu, ecouteur, id_marque) values (65, 'tempus semper', 644.76, 'https://media.wired.com/photos/5b22dcc7714d3b70d9ed7f32/master/pass/LG-V30-Cloud-SilverTA.jpg', '13-Gb', '9,3 Po', '300 g', 'Bluetooth 5,3', 'leo', 0, 1);
insert into Produits (id_produit,modele, prix, imageUrl, memoire, taille_ecran, poids, bluetooth, cpu, ecouteur, id_marque) values (66, 'sed ante', 167.24, 'https://media.wired.com/photos/5b22dcc7714d3b70d9ed7f32/master/pass/LG-V30-Cloud-SilverTA.jpg', '53-Gb', '2,7 Po', '419 g', 'Bluetooth 0,2', 'interdum', 1, 5);
insert into Produits (id_produit,modele, prix, imageUrl, memoire, taille_ecran, poids, bluetooth, cpu, ecouteur, id_marque) values (67, 'consequat dui', 696.55, 'https://media.wired.com/photos/5b22dcc7714d3b70d9ed7f32/master/pass/LG-V30-Cloud-SilverTA.jpg', '21-Gb', '4,1 Po', '273 g', 'Bluetooth 7,0', 'est', 0, 5);
insert into Produits (id_produit,modele, prix, imageUrl, memoire, taille_ecran, poids, bluetooth, cpu, ecouteur, id_marque) values (68, 'est donec', 189.91, 'https://media.wired.com/photos/5b22dcc7714d3b70d9ed7f32/master/pass/LG-V30-Cloud-SilverTA.jpg', '99-Gb', '8,1 Po', '045 g', 'Bluetooth 0,3', 'et', 0, 7);
insert into Produits (id_produit,modele, prix, imageUrl, memoire, taille_ecran, poids, bluetooth, cpu, ecouteur, id_marque) values (69, 'platea dictumst', 901.13, 'https://media.wired.com/photos/5b22dcc7714d3b70d9ed7f32/master/pass/LG-V30-Cloud-SilverTA.jpg', '91-Gb', '4,2 Po', '642 g', 'Bluetooth 0,7', 'eu', 1, 5);
insert into Produits (id_produit,modele, prix, imageUrl, memoire, taille_ecran, poids, bluetooth, cpu, ecouteur, id_marque) values (70, 'elit proin', 991.39, 'https://media.wired.com/photos/5b22dcc7714d3b70d9ed7f32/master/pass/LG-V30-Cloud-SilverTA.jpg', '48-Gb', '1,9 Po', '687 g', 'Bluetooth 2,5', 'diam', 0, 5);
insert into Produits (id_produit,modele, prix, imageUrl, memoire, taille_ecran, poids, bluetooth, cpu, ecouteur, id_marque) values (71, 'enim sit', 231.89, 'https://media.wired.com/photos/5b22dcc7714d3b70d9ed7f32/master/pass/LG-V30-Cloud-SilverTA.jpg', '29-Gb', '6,6 Po', '396 g', 'Bluetooth 6,3', 'lacinia', 0, 6);
insert into Produits (id_produit,modele, prix, imageUrl, memoire, taille_ecran, poids, bluetooth, cpu, ecouteur, id_marque) values (72, 'consectetuer adipiscing', 451.78, 'https://media.wired.com/photos/5b22dcc7714d3b70d9ed7f32/master/pass/LG-V30-Cloud-SilverTA.jpg', '51-Gb', '2,3 Po', '111 g', 'Bluetooth 5,1', 'penatibus', 0, 2);
insert into Produits (id_produit,modele, prix, imageUrl, memoire, taille_ecran, poids, bluetooth, cpu, ecouteur, id_marque) values (73, 'id pretium', 683.02, 'https://media.wired.com/photos/5b22dcc7714d3b70d9ed7f32/master/pass/LG-V30-Cloud-SilverTA.jpg', '72-Gb', '6,3 Po', '800 g', 'Bluetooth 4,3', 'et', 0, 1);
insert into Produits (id_produit,modele, prix, imageUrl, memoire, taille_ecran, poids, bluetooth, cpu, ecouteur, id_marque) values (74, 'leo odio', 770.79, 'https://media.wired.com/photos/5b22dcc7714d3b70d9ed7f32/master/pass/LG-V30-Cloud-SilverTA.jpg', '30-Gb', '5,4 Po', '213 g', 'Bluetooth 0,7', 'id', 1, 5);
insert into Produits (id_produit,modele, prix, imageUrl, memoire, taille_ecran, poids, bluetooth, cpu, ecouteur, id_marque) values (75, 'amet turpis', 1057.81, 'https://media.wired.com/photos/5b22dcc7714d3b70d9ed7f32/master/pass/LG-V30-Cloud-SilverTA.jpg', '43-Gb', '6,0 Po', '606 g', 'Bluetooth 1,0', 'mattis', 1, 4);
insert into Produits (id_produit,modele, prix, imageUrl, memoire, taille_ecran, poids, bluetooth, cpu, ecouteur, id_marque) values (76, 'mauris sit', 325.39, 'https://media.wired.com/photos/5b22dcc7714d3b70d9ed7f32/master/pass/LG-V30-Cloud-SilverTA.jpg', '15-Gb', '2,9 Po', '115 g', 'Bluetooth 9,2', 'quis', 0, 4);
insert into Produits (id_produit,modele, prix, imageUrl, memoire, taille_ecran, poids, bluetooth, cpu, ecouteur, id_marque) values (77, 'ullamcorper augue', 734.22, 'https://media.wired.com/photos/5b22dcc7714d3b70d9ed7f32/master/pass/LG-V30-Cloud-SilverTA.jpg', '51-Gb', '8,7 Po', '576 g', 'Bluetooth 8,8', 'lacinia', 0, 2);
insert into Produits (id_produit,modele, prix, imageUrl, memoire, taille_ecran, poids, bluetooth, cpu, ecouteur, id_marque) values (78, 'magna vestibulum', 157.92, 'https://media.wired.com/photos/5b22dcc7714d3b70d9ed7f32/master/pass/LG-V30-Cloud-SilverTA.jpg', '33-Gb', '1,8 Po', '042 g', 'Bluetooth 2,7', 'nulla', 1, 4);
insert into Produits (id_produit,modele, prix, imageUrl, memoire, taille_ecran, poids, bluetooth, cpu, ecouteur, id_marque) values (79, 'vulputate justo', 437.22, 'https://media.wired.com/photos/5b22dcc7714d3b70d9ed7f32/master/pass/LG-V30-Cloud-SilverTA.jpg', '01-Gb', '0,9 Po', '196 g', 'Bluetooth 7,1', 'volutpat', 1, 7);
insert into Produits (id_produit,modele, prix, imageUrl, memoire, taille_ecran, poids, bluetooth, cpu, ecouteur, id_marque) values (80, 'quam suspendisse', 132.92, 'https://media.wired.com/photos/5b22dcc7714d3b70d9ed7f32/master/pass/LG-V30-Cloud-SilverTA.jpg', '06-Gb', '3,0 Po', '394 g', 'Bluetooth 5,2', 'nisl', 0, 1);
insert into Produits (id_produit,modele, prix, imageUrl, memoire, taille_ecran, poids, bluetooth, cpu, ecouteur, id_marque) values (81, 'nulla nisl', 959.36, 'https://media.wired.com/photos/5b22dcc7714d3b70d9ed7f32/master/pass/LG-V30-Cloud-SilverTA.jpg', '42-Gb', '5,1 Po', '867 g', 'Bluetooth 2,0', 'aliquam', 1, 4);
insert into Produits (id_produit,modele, prix, imageUrl, memoire, taille_ecran, poids, bluetooth, cpu, ecouteur, id_marque) values (82, 'quis turpis', 185.67, 'https://media.wired.com/photos/5b22dcc7714d3b70d9ed7f32/master/pass/LG-V30-Cloud-SilverTA.jpg', '41-Gb', '0,0 Po', '505 g', 'Bluetooth 0,3', 'hac', 0, 8);
insert into Produits (id_produit,modele, prix, imageUrl, memoire, taille_ecran, poids, bluetooth, cpu, ecouteur, id_marque) values (83, 'dolor sit', 781.94, 'https://media.wired.com/photos/5b22dcc7714d3b70d9ed7f32/master/pass/LG-V30-Cloud-SilverTA.jpg', '87-Gb', '8,4 Po', '559 g', 'Bluetooth 9,1', 'curae', 1, 4);
insert into Produits (id_produit,modele, prix, imageUrl, memoire, taille_ecran, poids, bluetooth, cpu, ecouteur, id_marque) values (84, 'ante vel', 490.94, 'https://media.wired.com/photos/5b22dcc7714d3b70d9ed7f32/master/pass/LG-V30-Cloud-SilverTA.jpg', '91-Gb', '8,4 Po', '834 g', 'Bluetooth 2,7', 'tempus', 1, 8);
insert into Produits (id_produit,modele, prix, imageUrl, memoire, taille_ecran, poids, bluetooth, cpu, ecouteur, id_marque) values (85, 'ut rhoncus', 957.59, null, '54-Gb', '2,4 Po', '680 g', 'Bluetooth 6,4', 'morbi', 0, 1);
insert into Produits (id_produit,modele, prix, imageUrl, memoire, taille_ecran, poids, bluetooth, cpu, ecouteur, id_marque) values (86, 'Samsung galaxy S10', 406.67, 'https://images.samsung.com/is/image/samsung/p5/ca_fr/galaxy-s10/gnb/gnb_galaxy_s10plus_prism_white.jpg?$ORIGIN_JPG$', '21-Gb', '5,3 Po', '048 g', 'Bluetooth 5,6', 'magna', 1, 2);
insert into Produits (id_produit,modele, prix, imageUrl, memoire, taille_ecran, poids, bluetooth, cpu, ecouteur, id_marque) values (87, 'Samsung S10', 657.63, 'https://images.samsung.com/is/image/samsung/p5/ca_fr/galaxy-s10/gnb/gnb_galaxy_s10plus_prism_white.jpg?$ORIGIN_JPG$', '59-Gb', '6,3 Po', '329 g', 'Bluetooth 8,2', 'lectus', 0, 2);
insert into Produits (id_produit,modele, prix, imageUrl, memoire, taille_ecran, poids, bluetooth, cpu, ecouteur, id_marque) values (88, 'condimentum curabitur', 517.90, 'https://images.samsung.com/is/image/samsung/p5/ca_fr/galaxy-s10/gnb/gnb_galaxy_s10plus_prism_white.jpg?$ORIGIN_JPG$', '10-Gb', '9,8 Po', '081 g', 'Bluetooth 5,8', 'odio', 1, 5);
insert into Produits (id_produit,modele, prix, imageUrl, memoire, taille_ecran, poids, bluetooth, cpu, ecouteur, id_marque) values (89, 'nulla integer', 296.04, 'https://images.samsung.com/is/image/samsung/p5/ca_fr/galaxy-s10/gnb/gnb_galaxy_s10plus_prism_white.jpg?$ORIGIN_JPG$', '94-Gb', '2,4 Po', '364 g', 'Bluetooth 5,8', 'vestibulum', 0, 1);
insert into Produits (id_produit,modele, prix, imageUrl, memoire, taille_ecran, poids, bluetooth, cpu, ecouteur, id_marque) values (90, 'mauris enim', 320.55, 'https://images.samsung.com/is/image/samsung/p5/ca_fr/galaxy-s10/gnb/gnb_galaxy_s10plus_prism_white.jpg?$ORIGIN_JPG$', '73-Gb', '5,2 Po', '366 g', 'Bluetooth 0,6', 'condimentum', 0, 1);
insert into Produits (id_produit,modele, prix, imageUrl, memoire, taille_ecran, poids, bluetooth, cpu, ecouteur, id_marque) values (91, 'phasellus sit', 882.53, 'https://images.samsung.com/is/image/samsung/p5/ca_fr/galaxy-s10/gnb/gnb_galaxy_s10plus_prism_white.jpg?$ORIGIN_JPG$', '86-Gb', '1,5 Po', '977 g', 'Bluetooth 3,0', 'pharetra', 1, 3);
insert into Produits (id_produit,modele, prix, imageUrl, memoire, taille_ecran, poids, bluetooth, cpu, ecouteur, id_marque) values (92, 'lacinia aenean', 182.52, 'https://images.samsung.com/is/image/samsung/p5/ca_fr/galaxy-s10/gnb/gnb_galaxy_s10plus_prism_white.jpg?$ORIGIN_JPG$', '48-Gb', '2,3 Po', '969 g', 'Bluetooth 8,3', 'adipiscing', 1, 7);
insert into Produits (id_produit,modele, prix, imageUrl, memoire, taille_ecran, poids, bluetooth, cpu, ecouteur, id_marque) values (93, 'odio in', 894.67, 'https://images.samsung.com/is/image/samsung/p5/ca_fr/galaxy-s10/gnb/gnb_galaxy_s10plus_prism_white.jpg?$ORIGIN_JPG$', '80-Gb', '9,4 Po', '445 g', 'Bluetooth 4,7', 'vestibulum', 1, 8);
insert into Produits (id_produit,modele, prix, imageUrl, memoire, taille_ecran, poids, bluetooth, cpu, ecouteur, id_marque) values (94, 'vel nisl', 600.46, 'https://images.samsung.com/is/image/samsung/p5/ca_fr/galaxy-s10/gnb/gnb_galaxy_s10plus_prism_white.jpg?$ORIGIN_JPG$', '83-Gb', '9,7 Po', '697 g', 'Bluetooth 9,9', 'dis', 0, 3);
insert into Produits (id_produit,modele, prix, imageUrl, memoire, taille_ecran, poids, bluetooth, cpu, ecouteur, id_marque) values (95, 'pede morbi', 445.69, 'https://images.samsung.com/is/image/samsung/p5/ca_fr/galaxy-s10/gnb/gnb_galaxy_s10plus_prism_white.jpg?$ORIGIN_JPG$', '59-Gb', '4,4 Po', '886 g', 'Bluetooth 6,0', 'et', 0, 3);
insert into Produits (id_produit,modele, prix, imageUrl, memoire, taille_ecran, poids, bluetooth, cpu, ecouteur, id_marque) values (96, 'pede morbi', 445.69, 'https://images.samsung.com/is/image/samsung/p5/ca_fr/galaxy-s10/gnb/gnb_galaxy_s10plus_prism_white.jpg?$ORIGIN_JPG$', '59-Gb', '4,4 Po', '886 g', 'Bluetooth 6,0', 'et', 0, 3);
insert into Produits (id_produit,modele, prix, imageUrl, memoire, taille_ecran, poids, bluetooth, cpu, ecouteur, id_marque) values (97, 'montes nascetur', 810.50, 'https://images.samsung.com/is/image/samsung/p5/ca_fr/galaxy-s10/gnb/gnb_galaxy_s10plus_prism_white.jpg?$ORIGIN_JPG$', '46-Gb', '6,7 Po', '373 g', 'Bluetooth 3,0', 'consequat', 1, 1);
insert into Produits (id_produit,modele, prix, imageUrl, memoire, taille_ecran, poids, bluetooth, cpu, ecouteur, id_marque) values (98, 'dapibus dolor', 114.39, 'https://images.samsung.com/is/image/samsung/p5/ca_fr/galaxy-s10/gnb/gnb_galaxy_s10plus_prism_white.jpg?$ORIGIN_JPG$', '72-Gb', '0,6 Po', '923 g', 'Bluetooth 8,1', 'vel', 0, 4);
insert into Produits (id_produit,modele, prix, imageUrl, memoire, taille_ecran, poids, bluetooth, cpu, ecouteur, id_marque) values (99, 'sociis natoque', 1135.04, 'https://images.samsung.com/is/image/samsung/p5/ca_fr/galaxy-s10/gnb/gnb_galaxy_s10plus_prism_white.jpg?$ORIGIN_JPG$', '98-Gb', '2,8 Po', '917 g', 'Bluetooth 0,3', 'sit', 0, 7);
insert into Produits (id_produit,modele, prix, imageUrl, memoire, taille_ecran, poids, bluetooth, cpu, ecouteur, id_marque) values (100, 'integer pede', 775.66, 'https://images.samsung.com/is/image/samsung/p5/ca_fr/galaxy-s10/gnb/gnb_galaxy_s10plus_prism_white.jpg?$ORIGIN_JPG$', '24-Gb', '8,1 Po', '108 g', 'Bluetooth 6,7', 'et', 0, 2);
insert into Produits (id_produit,modele, prix, imageUrl, memoire, taille_ecran, poids, bluetooth, cpu, ecouteur, id_marque) values (101, 'massa donec', 503.34, 'https://images.samsung.com/is/image/samsung/p5/ca_fr/galaxy-s10/gnb/gnb_galaxy_s10plus_prism_white.jpg?$ORIGIN_JPG$', '72-Gb', '2,1 Po', '862 g', 'Bluetooth 7,7', 'natoque', 1, 3);
insert into Produits (id_produit,modele, prix, imageUrl, memoire, taille_ecran, poids, bluetooth, cpu, ecouteur, id_marque) values (102, 'primis in', 156.81, 'https://images.samsung.com/is/image/samsung/p5/ca_fr/galaxy-s10/gnb/gnb_galaxy_s10plus_prism_white.jpg?$ORIGIN_JPG$', '73-Gb', '7,7 Po', '888 g', 'Bluetooth 1,1', 'velit', 0, 3);
insert into Produits (id_produit,modele, prix, imageUrl, memoire, taille_ecran, poids, bluetooth, cpu, ecouteur, id_marque) values (103, 'ligula vehicula', 435.36, 'https://images.samsung.com/is/image/samsung/p5/ca_fr/galaxy-s10/gnb/gnb_galaxy_s10plus_prism_white.jpg?$ORIGIN_JPG$', '46-Gb', '9,3 Po', '925 g', 'Bluetooth 2,2', 'mauris', 0, 3);
insert into Produits (id_produit,modele, prix, imageUrl, memoire, taille_ecran, poids, bluetooth, cpu, ecouteur, id_marque) values (104, 'est lacinia', 603.86, 'https://images.samsung.com/is/image/samsung/p5/ca_fr/galaxy-s10/gnb/gnb_galaxy_s10plus_prism_white.jpg?$ORIGIN_JPG$', '30-Gb', '9,0 Po', '257 g', 'Bluetooth 9,9', 'blandit', 1, 7);
insert into Produits (id_produit,modele, prix, imageUrl, memoire, taille_ecran, poids, bluetooth, cpu, ecouteur, id_marque) values (105, 'commodo vulputate', 877.06, 'https://images.samsung.com/is/image/samsung/p5/ca_fr/galaxy-s10/gnb/gnb_galaxy_s10plus_prism_white.jpg?$ORIGIN_JPG$', '70-Gb', '4,0 Po', '441 g', 'Bluetooth 2,1', 'risus', 1, 7);
insert into Produits (id_produit,modele, prix, imageUrl, memoire, taille_ecran, poids, bluetooth, cpu, ecouteur, id_marque) values (106, 'fermentum justo', 470.23, 'https://images.samsung.com/is/image/samsung/p5/ca_fr/galaxy-s10/gnb/gnb_galaxy_s10plus_prism_white.jpg?$ORIGIN_JPG$', '75-Gb', '6,6 Po', '565 g', 'Bluetooth 8,7', 'felis', 1, 2);
insert into Produits (id_produit,modele, prix, imageUrl, memoire, taille_ecran, poids, bluetooth, cpu, ecouteur, id_marque) values (107, 'non mauris', 181.67, 'https://images.samsung.com/is/image/samsung/p5/ca_fr/galaxy-s10/gnb/gnb_galaxy_s10plus_prism_white.jpg?$ORIGIN_JPG$', '45-Gb', '7,7 Po', '040 g', 'Bluetooth 6,7', 'eget', 0, 3);
insert into Produits (id_produit,modele, prix, imageUrl, memoire, taille_ecran, poids, bluetooth, cpu, ecouteur, id_marque) values (108, 'lacinia erat', 1083.80, 'https://images.samsung.com/is/image/samsung/p5/ca_fr/galaxy-s10/gnb/gnb_galaxy_s10plus_prism_white.jpg?$ORIGIN_JPG$', '97-Gb', '8,7 Po', '860 g', 'Bluetooth 0,7', 'luctus', 0, 1);
insert into Produits (id_produit,modele, prix, imageUrl, memoire, taille_ecran, poids, bluetooth, cpu, ecouteur, id_marque) values (109, 'leo maecenas', 221.74, 'https://images.samsung.com/is/image/samsung/p5/ca_fr/galaxy-s10/gnb/gnb_galaxy_s10plus_prism_white.jpg?$ORIGIN_JPG$', '70-Gb', '7,7 Po', '113 g', 'Bluetooth 9,5', 'et', 1, 2);
insert into Produits (id_produit,modele, prix, imageUrl, memoire, taille_ecran, poids, bluetooth, cpu, ecouteur, id_marque) values (110, 'fusce lacus', 360.30, 'https://images.samsung.com/is/image/samsung/p5/ca_fr/galaxy-s10/gnb/gnb_galaxy_s10plus_prism_white.jpg?$ORIGIN_JPG$', '99-Gb', '5,2 Po', '843 g', 'Bluetooth 6,1', 'lacus', 1, 7);
insert into Produits (id_produit,modele, prix, imageUrl, memoire, taille_ecran, poids, bluetooth, cpu, ecouteur, id_marque) values (111, 'venenatis tristique', 372.17, 'https://images.samsung.com/is/image/samsung/p5/ca_fr/galaxy-s10/gnb/gnb_galaxy_s10plus_prism_white.jpg?$ORIGIN_JPG$', '39-Gb', '7,6 Po', '902 g', 'Bluetooth 3,2', 'sapien', 0, 8);
insert into Produits (id_produit,modele, prix, imageUrl, memoire, taille_ecran, poids, bluetooth, cpu, ecouteur, id_marque) values (112, 'massa donec', 897.38, 'https://images.samsung.com/is/image/samsung/p5/ca_fr/galaxy-s10/gnb/gnb_galaxy_s10plus_prism_white.jpg?$ORIGIN_JPG$', '55-Gb', '6,6 Po', '215 g', 'Bluetooth 2,6', 'vel', 1, 7);
insert into Produits (id_produit,modele, prix, imageUrl, memoire, taille_ecran, poids, bluetooth, cpu, ecouteur, id_marque) values (113, 'eget eleifend', 601.17, 'https://images.samsung.com/is/image/samsung/p5/ca_fr/galaxy-s10/gnb/gnb_galaxy_s10plus_prism_white.jpg?$ORIGIN_JPG$', '16-Gb', '3,8 Po', '808 g', 'Bluetooth 0,7', 'eu', 0, 2);
insert into Produits (id_produit,modele, prix, imageUrl, memoire, taille_ecran, poids, bluetooth, cpu, ecouteur, id_marque) values (114, 'eu pede', 124.24, 'https://images.samsung.com/is/image/samsung/p5/ca_fr/galaxy-s10/gnb/gnb_galaxy_s10plus_prism_white.jpg?$ORIGIN_JPG$', '54-Gb', '9,9 Po', '016 g', 'Bluetooth 0,8', 'cubilia', 1, 5);
insert into Produits (id_produit,modele, prix, imageUrl, memoire, taille_ecran, poids, bluetooth, cpu, ecouteur, id_marque) values (115, 'eget eleifend', 899.24, 'https://images.samsung.com/is/image/samsung/p5/ca_fr/galaxy-s10/gnb/gnb_galaxy_s10plus_prism_white.jpg?$ORIGIN_JPG$', '64-Gb', '7,8 Po', '401 g', 'Bluetooth 8,2', 'ultrices', 1, 1);
insert into Produits (id_produit,modele, prix, imageUrl, memoire, taille_ecran, poids, bluetooth, cpu, ecouteur, id_marque) values (116, 'nullam orci', 179.52, 'https://images.samsung.com/is/image/samsung/p5/ca_fr/galaxy-s10/gnb/gnb_galaxy_s10plus_prism_white.jpg?$ORIGIN_JPG$', '07-Gb', '3,1 Po', '602 g', 'Bluetooth 0,2', 'id', 0, 2);
insert into Produits (id_produit,modele, prix, imageUrl, memoire, taille_ecran, poids, bluetooth, cpu, ecouteur, id_marque) values (117, 'orci luctus', 566.13, 'https://images.samsung.com/is/image/samsung/p5/ca_fr/galaxy-s10/gnb/gnb_galaxy_s10plus_prism_white.jpg?$ORIGIN_JPG$', '24-Gb', '9,7 Po', '899 g', 'Bluetooth 0,7', 'viverra', 1, 6);
insert into Produits (id_produit,modele, prix, imageUrl, memoire, taille_ecran, poids, bluetooth, cpu, ecouteur, id_marque) values (118, 'sapien varius', 688.02, 'https://images.samsung.com/is/image/samsung/p5/ca_fr/galaxy-s10/gnb/gnb_galaxy_s10plus_prism_white.jpg?$ORIGIN_JPG$', '60-Gb', '1,8 Po', '783 g', 'Bluetooth 1,5', 'felis', 1, 8);
insert into Produits (id_produit,modele, prix, imageUrl, memoire, taille_ecran, poids, bluetooth, cpu, ecouteur, id_marque) values (119, 'vestibulum velit', 353.87, 'https://images.samsung.com/is/image/samsung/p5/ca_fr/galaxy-s10/gnb/gnb_galaxy_s10plus_prism_white.jpg?$ORIGIN_JPG$', '26-Gb', '1,5 Po', '749 g', 'Bluetooth 6,4', 'curabitur', 0, 4);
insert into Produits (id_produit,modele, prix, imageUrl, memoire, taille_ecran, poids, bluetooth, cpu, ecouteur, id_marque) values (120, 'luctus tincidunt', 600.91, 'https://images.samsung.com/is/image/samsung/p5/ca_fr/galaxy-s10/gnb/gnb_galaxy_s10plus_prism_white.jpg?$ORIGIN_JPG$', '82-Gb', '6,0 Po', '635 g', 'Bluetooth 0,1', 'risus', 0, 2);
insert into Produits (id_produit,modele, prix, imageUrl, memoire, taille_ecran, poids, bluetooth, cpu, ecouteur, id_marque) values (121, 'purus aliquet', 435.17, 'https://images.samsung.com/is/image/samsung/p5/ca_fr/galaxy-s10/gnb/gnb_galaxy_s10plus_prism_white.jpg?$ORIGIN_JPG$', '11-Gb', '2,4 Po', '123 g', 'Bluetooth 8,5', 'eu', 0, 3);
insert into Produits (id_produit,modele, prix, imageUrl, memoire, taille_ecran, poids, bluetooth, cpu, ecouteur, id_marque) values (122, 'luctus et', 826.17, null, '90-Gb', '2,0 Po', '269 g', 'Bluetooth 8,9', 'praesent', 0, 3);
insert into Produits (id_produit,modele, prix, imageUrl, memoire, taille_ecran, poids, bluetooth, cpu, ecouteur, id_marque) values (123, 'rhoncus sed', 309.62, null, '68-Gb', '0,9 Po', '788 g', 'Bluetooth 6,8', 'sit', 1, 7);
insert into Produits (id_produit,modele, prix, imageUrl, memoire, taille_ecran, poids, bluetooth, cpu, ecouteur, id_marque) values (124, 'curabitur convallis', 652.39, 'https://images.samsung.com/is/image/samsung/p5/ca_fr/galaxy-s10/gnb/gnb_galaxy_s10plus_prism_white.jpg?$ORIGIN_JPG$', '63-Gb', '2,8 Po', '771 g', 'Bluetooth 9,5', 'donec', 1, 4);
insert into Produits (id_produit,modele, prix, imageUrl, memoire, taille_ecran, poids, bluetooth, cpu, ecouteur, id_marque) values (125, 'mauris sit', 158.12, 'https://images.samsung.com/is/image/samsung/p5/ca_fr/galaxy-s10/gnb/gnb_galaxy_s10plus_prism_white.jpg?$ORIGIN_JPG$', '93-Gb', '5,7 Po', '258 g', 'Bluetooth 7,3', 'est', 0, 5);
insert into Produits (id_produit,modele, prix, imageUrl, memoire, taille_ecran, poids, bluetooth, cpu, ecouteur, id_marque) values (126, 'sapien arcu', 265.74, 'https://images.samsung.com/is/image/samsung/p5/ca_fr/galaxy-s10/gnb/gnb_galaxy_s10plus_prism_white.jpg?$ORIGIN_JPG$', '26-Gb', '0,1 Po', '025 g', 'Bluetooth 9,7', 'lectus', 0, 7);
insert into Produits (id_produit,modele, prix, imageUrl, memoire, taille_ecran, poids, bluetooth, cpu, ecouteur, id_marque) values (127, 'rutrum neque', 1091.07, 'https://images.samsung.com/is/image/samsung/p5/ca_fr/galaxy-s10/gnb/gnb_galaxy_s10plus_prism_white.jpg?$ORIGIN_JPG$', '06-Gb', '4,6 Po', '750 g', 'Bluetooth 0,4', 'felis', 0, 2);
insert into Produits (id_produit,modele, prix, imageUrl, memoire, taille_ecran, poids, bluetooth, cpu, ecouteur, id_marque) values (128, 'non lectus', 698.90, 'https://images.samsung.com/is/image/samsung/p5/ca_fr/galaxy-s10/gnb/gnb_galaxy_s10plus_prism_white.jpg?$ORIGIN_JPG$', '66-Gb', '4,5 Po', '808 g', 'Bluetooth 3,5', 'in', 0, 3);
insert into Produits (id_produit,modele, prix, imageUrl, memoire, taille_ecran, poids, bluetooth, cpu, ecouteur, id_marque) values (129, 'augue a', 1064.77, 'https://images.samsung.com/is/image/samsung/p5/ca_fr/galaxy-s10/gnb/gnb_galaxy_s10plus_prism_white.jpg?$ORIGIN_JPG$', '45-Gb', '3,5 Po', '720 g', 'Bluetooth 1,7', 'cras', 0, 5);
insert into Produits (id_produit,modele, prix, imageUrl, memoire, taille_ecran, poids, bluetooth, cpu, ecouteur, id_marque) values (130, 'integer pede', 802.87, 'https://images.samsung.com/is/image/samsung/p5/ca_fr/galaxy-s10/gnb/gnb_galaxy_s10plus_prism_white.jpg?$ORIGIN_JPG$', '38-Gb', '9,5 Po', '753 g', 'Bluetooth 3,2', 'molestie', 1, 2);
insert into Produits (id_produit,modele, prix, imageUrl, memoire, taille_ecran, poids, bluetooth, cpu, ecouteur, id_marque) values (131, 'justo eu', 230.87, 'https://images.samsung.com/is/image/samsung/p5/ca_fr/galaxy-s10/gnb/gnb_galaxy_s10plus_prism_white.jpg?$ORIGIN_JPG$', '53-Gb', '9,6 Po', '946 g', 'Bluetooth 6,9', 'lacus', 1, 7);
insert into Produits (id_produit,modele, prix, imageUrl, memoire, taille_ecran, poids, bluetooth, cpu, ecouteur, id_marque) values (132, 'ut erat', 604.93, 'https://images.samsung.com/is/image/samsung/p5/ca_fr/galaxy-s10/gnb/gnb_galaxy_s10plus_prism_white.jpg?$ORIGIN_JPG$', '98-Gb', '5,1 Po', '250 g', 'Bluetooth 0,7', 'id', 1, 1);
insert into Produits (id_produit,modele, prix, imageUrl, memoire, taille_ecran, poids, bluetooth, cpu, ecouteur, id_marque) values (133, 'quis turpis', 1166.44, 'https://images.samsung.com/is/image/samsung/p5/ca_fr/galaxy-s10/gnb/gnb_galaxy_s10plus_prism_white.jpg?$ORIGIN_JPG$', '42-Gb', '5,9 Po', '224 g', 'Bluetooth 0,7', 'sed', 0, 7);
insert into Produits (id_produit,modele, prix, imageUrl, memoire, taille_ecran, poids, bluetooth, cpu, ecouteur, id_marque) values (134, 'non mattis', 1072.53, 'https://images.samsung.com/is/image/samsung/p5/ca_fr/galaxy-s10/gnb/gnb_galaxy_s10plus_prism_white.jpg?$ORIGIN_JPG$', '89-Gb', '6,4 Po', '456 g', 'Bluetooth 6,3', 'vel', 0, 1);
insert into Produits (id_produit,modele, prix, imageUrl, memoire, taille_ecran, poids, bluetooth, cpu, ecouteur, id_marque) values (135, 'auctor gravida', 864.89, 'https://images.samsung.com/is/image/samsung/p5/ca_fr/galaxy-s10/gnb/gnb_galaxy_s10plus_prism_white.jpg?$ORIGIN_JPG$', '87-Gb', '9,0 Po', '651 g', 'Bluetooth 7,8', 'est', 1, 5);
insert into Produits (id_produit,modele, prix, imageUrl, memoire, taille_ecran, poids, bluetooth, cpu, ecouteur, id_marque) values (136, 'at nunc', 669.53, 'https://images.samsung.com/is/image/samsung/p5/ca_fr/galaxy-s10/gnb/gnb_galaxy_s10plus_prism_white.jpg?$ORIGIN_JPG$', '75-Gb', '4,7 Po', '612 g', 'Bluetooth 6,0', 'vestibulum', 0, 8);
insert into Produits (id_produit,modele, prix, imageUrl, memoire, taille_ecran, poids, bluetooth, cpu, ecouteur, id_marque) values (137, 'sit amet', 666.23, 'https://media.wired.com/photos/5b22c5c4b878a15e9ce80d92/master/pass/iphonex-TA.jpg', '92-Gb', '1,0 Po', '955 g', 'Bluetooth 2,1', 'viverra', 1, 4);
insert into Produits (id_produit,modele, prix, imageUrl, memoire, taille_ecran, poids, bluetooth, cpu, ecouteur, id_marque) values (138, 'donec quis', 1016.67, 'https://media.wired.com/photos/5b22c5c4b878a15e9ce80d92/master/pass/iphonex-TA.jpg', '39-Gb', '5,4 Po', '663 g', 'Bluetooth 9,5', 'vel', 1, 6);
insert into Produits (id_produit,modele, prix, imageUrl, memoire, taille_ecran, poids, bluetooth, cpu, ecouteur, id_marque) values (139, 'elementum in', 251.83, 'https://media.wired.com/photos/5b22c5c4b878a15e9ce80d92/master/pass/iphonex-TA.jpg', '69-Gb', '9,6 Po', '630 g', 'Bluetooth 5,9', 'eu', 1, 1);
insert into Produits (id_produit,modele, prix, imageUrl, memoire, taille_ecran, poids, bluetooth, cpu, ecouteur, id_marque) values (140, 'pellentesque ultrices', 624.43, 'https://media.wired.com/photos/5b22c5c4b878a15e9ce80d92/master/pass/iphonex-TA.jpg', '99-Gb', '1,2 Po', '713 g', 'Bluetooth 2,3', 'tristique', 0, 6);
insert into Produits (id_produit,modele, prix, imageUrl, memoire, taille_ecran, poids, bluetooth, cpu, ecouteur, id_marque) values (141, 'mauris morbi', 551.82, 'https://media.wired.com/photos/5b22c5c4b878a15e9ce80d92/master/pass/iphonex-TA.jpg', '90-Gb', '9,0 Po', '497 g', 'Bluetooth 3,7', 'magna', 0, 7);
insert into Produits (id_produit,modele, prix, imageUrl, memoire, taille_ecran, poids, bluetooth, cpu, ecouteur, id_marque) values (142, 'vel est', 868.17, 'https://media.wired.com/photos/5b22c5c4b878a15e9ce80d92/master/pass/iphonex-TA.jpg', '32-Gb', '7,5 Po', '395 g', 'Bluetooth 4,4', 'consequat', 1, 8);
insert into Produits (id_produit,modele, prix, imageUrl, memoire, taille_ecran, poids, bluetooth, cpu, ecouteur, id_marque) values (143, 'sodales scelerisque', 185.10, null, '81-Gb', '6,8 Po', '290 g', 'Bluetooth 2,9', 'eu', 1, 3);
insert into Produits (id_produit,modele, prix, imageUrl, memoire, taille_ecran, poids, bluetooth, cpu, ecouteur, id_marque) values (144, 'quis orci', 278.37, 'https://media.wired.com/photos/5b22c5c4b878a15e9ce80d92/master/pass/iphonex-TA.jpg', '67-Gb', '2,0 Po', '896 g', 'Bluetooth 1,9', 'odio', 0, 3);
insert into Produits (id_produit,modele, prix, imageUrl, memoire, taille_ecran, poids, bluetooth, cpu, ecouteur, id_marque) values (145, 'integer ac', 225.31, 'https://media.wired.com/photos/5b22c5c4b878a15e9ce80d92/master/pass/iphonex-TA.jpg', '90-Gb', '3,7 Po', '179 g', 'Bluetooth 8,6', 'consectetuer', 0, 4);
insert into Produits (id_produit,modele, prix, imageUrl, memoire, taille_ecran, poids, bluetooth, cpu, ecouteur, id_marque) values (146, 'lobortis vel', 257.72, 'https://media.wired.com/photos/5b22c5c4b878a15e9ce80d92/master/pass/iphonex-TA.jpg', '91-Gb', '0,5 Po', '516 g', 'Bluetooth 5,2', 'id', 1, 2);
insert into Produits (id_produit,modele, prix, imageUrl, memoire, taille_ecran, poids, bluetooth, cpu, ecouteur, id_marque) values (147, 'iphone X', 403.09, 'https://media.wired.com/photos/5b22c5c4b878a15e9ce80d92/master/pass/iphonex-TA.jpg', '96-Gb', '6,3 Po', '021 g', 'Bluetooth 4,7', 'massa', 0, 8);
insert into Produits (id_produit,modele, prix, imageUrl, memoire, taille_ecran, poids, bluetooth, cpu, ecouteur, id_marque) values (148, 'consequat ut', 1194.34, 'https://media.wired.com/photos/5b22c5c4b878a15e9ce80d92/master/pass/iphonex-TA.jpg', '23-Gb', '7,7 Po', '415 g', 'Bluetooth 0,0', 'dui', 1, 3);
insert into Produits (id_produit,modele, prix, imageUrl, memoire, taille_ecran, poids, bluetooth, cpu, ecouteur, id_marque) values (149, 'vel dapibus', 678.33, 'https://media.wired.com/photos/5b22c5c4b878a15e9ce80d92/master/pass/iphonex-TA.jpg', '38-Gb', '4,8 Po', '590 g', 'Bluetooth 6,2', 'adipiscing', 1, 5);
insert into Produits (id_produit,modele, prix, imageUrl, memoire, taille_ecran, poids, bluetooth, cpu, ecouteur, id_marque) values (150, 'tristique est', 964.70, 'https://media.wired.com/photos/5b22c5c4b878a15e9ce80d92/master/pass/iphonex-TA.jpg', '23-Gb', '8,4 Po', '880 g', 'Bluetooth 8,4', 'luctus', 0, 1);
insert into Produits (id_produit,modele, prix, imageUrl, memoire, taille_ecran, poids, bluetooth, cpu, ecouteur, id_marque) values (151, 'in faucibus', 733.55, 'https://media.wired.com/photos/5b22c5c4b878a15e9ce80d92/master/pass/iphonex-TA.jpg', '91-Gb', '3,0 Po', '778 g', 'Bluetooth 3,7', 'erat', 0, 4);
insert into Produits (id_produit,modele, prix, imageUrl, memoire, taille_ecran, poids, bluetooth, cpu, ecouteur, id_marque) values (152, 'mi in', 567.59, null, '07-Gb', '9,1 Po', '341 g', 'Bluetooth 7,3', 'pede', 1, 2);
insert into Produits (id_produit,modele, prix, imageUrl, memoire, taille_ecran, poids, bluetooth, cpu, ecouteur, id_marque) values (153, 'nulla ultrices', 392.53, 'https://media.wired.com/photos/5b22c5c4b878a15e9ce80d92/master/pass/iphonex-TA.jpg', '82-Gb', '1,6 Po', '914 g', 'Bluetooth 5,3', 'blandit', 0, 7);
insert into Produits (id_produit,modele, prix, imageUrl, memoire, taille_ecran, poids, bluetooth, cpu, ecouteur, id_marque) values (154, 'felis donec', 540.32, 'https://media.wired.com/photos/5b22c5c4b878a15e9ce80d92/master/pass/iphonex-TA.jpg', '56-Gb', '9,6 Po', '945 g', 'Bluetooth 1,2', 'euismod', 0, 8);
insert into Produits (id_produit,modele, prix, imageUrl, memoire, taille_ecran, poids, bluetooth, cpu, ecouteur, id_marque) values (155, 'mattis odio', 106.08, 'https://media.wired.com/photos/5b22c5c4b878a15e9ce80d92/master/pass/iphonex-TA.jpg', '18-Gb', '9,6 Po', '797 g', 'Bluetooth 3,9', 'interdum', 0, 3);
insert into Produits (id_produit,modele, prix, imageUrl, memoire, taille_ecran, poids, bluetooth, cpu, ecouteur, id_marque) values (156, 'pellentesque at', 923.24, 'https://media.wired.com/photos/5b22c5c4b878a15e9ce80d92/master/pass/iphonex-TA.jpg', '50-Gb', '7,0 Po', '019 g', 'Bluetooth 5,8', 'praesent', 1, 2);
insert into Produits (id_produit,modele, prix, imageUrl, memoire, taille_ecran, poids, bluetooth, cpu, ecouteur, id_marque) values (157, 'ut suscipit', 739.47, 'https://media.wired.com/photos/5b22c5c4b878a15e9ce80d92/master/pass/iphonex-TA.jpg', '43-Gb', '8,1 Po', '716 g', 'Bluetooth 8,6', 'ac', 1, 5);
insert into Produits (id_produit,modele, prix, imageUrl, memoire, taille_ecran, poids, bluetooth, cpu, ecouteur, id_marque) values (158, 'malesuada in', 992.84, 'https://media.wired.com/photos/5b22c5c4b878a15e9ce80d92/master/pass/iphonex-TA.jpg', '80-Gb', '9,4 Po', '887 g', 'Bluetooth 3,5', 'imperdiet', 1, 6);
insert into Produits (id_produit,modele, prix, imageUrl, memoire, taille_ecran, poids, bluetooth, cpu, ecouteur, id_marque) values (159, 'in hac', 107.43, 'https://media.wired.com/photos/5b22c5c4b878a15e9ce80d92/master/pass/iphonex-TA.jpg', '20-Gb', '4,1 Po', '160 g', 'Bluetooth 8,2', 'mus', 1, 3);
insert into Produits (id_produit,modele, prix, imageUrl, memoire, taille_ecran, poids, bluetooth, cpu, ecouteur, id_marque) values (160, 'elit proin', 638.05, 'https://media.wired.com/photos/5b22c5c4b878a15e9ce80d92/master/pass/iphonex-TA.jpg', '59-Gb', '2,1 Po', '946 g', 'Bluetooth 8,1', 'eros', 0, 3);
insert into Produits (id_produit,modele, prix, imageUrl, memoire, taille_ecran, poids, bluetooth, cpu, ecouteur, id_marque) values (161, 'nulla ac', 434.21, 'https://media.wired.com/photos/5b22c5c4b878a15e9ce80d92/master/pass/iphonex-TA.jpg', '19-Gb', '9,7 Po', '087 g', 'Bluetooth 4,4', 'lorem', 0, 4);
insert into Produits (id_produit,modele, prix, imageUrl, memoire, taille_ecran, poids, bluetooth, cpu, ecouteur, id_marque) values (162, 'lacinia nisi', 239.20, 'https://media.wired.com/photos/5b22c5c4b878a15e9ce80d92/master/pass/iphonex-TA.jpg', '23-Gb', '1,8 Po', '143 g', 'Bluetooth 6,4', 'duis', 0, 3);
insert into Produits (id_produit,modele, prix, imageUrl, memoire, taille_ecran, poids, bluetooth, cpu, ecouteur, id_marque) values (163, 'euismod scelerisque', 889.44, 'https://media.wired.com/photos/5b22c5c4b878a15e9ce80d92/master/pass/iphonex-TA.jpg', '39-Gb', '7,4 Po', '527 g', 'Bluetooth 3,9', 'adipiscing', 0, 8);
insert into Produits (id_produit,modele, prix, imageUrl, memoire, taille_ecran, poids, bluetooth, cpu, ecouteur, id_marque) values (164, 'eget eros', 604.74, 'https://media.wired.com/photos/5b22c5c4b878a15e9ce80d92/master/pass/iphonex-TA.jpg', '19-Gb', '4,5 Po', '490 g', 'Bluetooth 5,0', 'varius', 1, 7);
insert into Produits (id_produit,modele, prix, imageUrl, memoire, taille_ecran, poids, bluetooth, cpu, ecouteur, id_marque) values (165, 'varius integer', 439.73, 'https://media.wired.com/photos/5b22c5c4b878a15e9ce80d92/master/pass/iphonex-TA.jpg', '17-Gb', '8,8 Po', '922 g', 'Bluetooth 8,0', 'vulputate', 1, 1);
insert into Produits (id_produit,modele, prix, imageUrl, memoire, taille_ecran, poids, bluetooth, cpu, ecouteur, id_marque) values (166, 'Alcatel 1', 410.09, 'https://media.tracfone.com/wps/contenthandler/!ut/p/digest!CTjfp1a8t4RUv8-O0X-X8Q/dav/content/libraries/wcm.library.phones/components/TFALA574BL/wcm.comps.image/st_ecom_large_1.png', '75-Gb', '9,3 Po', '365 g', 'Bluetooth 9,4', 'eu', 0, 9);
insert into Produits (id_produit,modele, prix, imageUrl, memoire, taille_ecran, poids, bluetooth, cpu, ecouteur, id_marque) values (167, 'Alcatel 2', 992.77, 'https://cdn.movertix.com/media/catalog/product/cache/image/640x/a/l/alcatel-1-1gb8gb-negro-dual-sim-5033d-4894461773513_2.jpg', '45-Gb', '6,6 Po', '161 g', 'Bluetooth 5,5', 'morbi', 1, 9);
insert into Produits (id_produit,modele, prix, imageUrl, memoire, taille_ecran, poids, bluetooth, cpu, ecouteur, id_marque) values (168, 'Alcatel 3', 654.98, 'https://cdn.movertix.com/media/catalog/product/cache/image/640x/a/l/alcatel-1-1gb8gb-negro-dual-sim-5033d-4894461773513_2.jpg', '03-Gb', '1,5 Po', '927 g', 'Bluetooth 3,0', 'maecenas', 0, 8);
insert into Produits (id_produit,modele, prix, imageUrl, memoire, taille_ecran, poids, bluetooth, cpu, ecouteur, id_marque) values (169, 'Alcatel 3', 416.80, 'https://cdn.movertix.com/media/catalog/product/cache/image/640x/a/l/alcatel-1-1gb8gb-negro-dual-sim-5033d-4894461773513_2.jpg', '22-Gb', '2,9 Po', '943 g', 'Bluetooth 3,1', 'nec', 0, 9);
insert into Produits (id_produit,modele, prix, imageUrl, memoire, taille_ecran, poids, bluetooth, cpu, ecouteur, id_marque) values (170, 'Huawei p20', 1062.69, 'https://bestengine.humanoid.fr/uploads/products/huawei-p20.png', '73-Gb', '4,2 Po', '147 g', 'Bluetooth 8,3', 'nisi', 0, 3);
insert into Produits (id_produit,modele, prix, imageUrl, memoire, taille_ecran, poids, bluetooth, cpu, ecouteur, id_marque) values (171, 'eu sapien', 863.70, 'https://bestengine.humanoid.fr/uploads/products/huawei-p20.png', '90-Gb', '0,7 Po', '527 g', 'Bluetooth 0,5', 'pharetra', 1, 3);
insert into Produits (id_produit,modele, prix, imageUrl, memoire, taille_ecran, poids, bluetooth, cpu, ecouteur, id_marque) values (172, 'Huawei p20', 805.40, 'https://bestengine.humanoid.fr/uploads/products/huawei-p20.png', '43-Gb', '0,2 Po', '227 g', 'Bluetooth 5,9', 'eu', 0, 3);
insert into Produits (id_produit,modele, prix, imageUrl, memoire, taille_ecran, poids, bluetooth, cpu, ecouteur, id_marque) values (173, 'Huawei p10', 482.27, 'https://bestengine.humanoid.fr/uploads/products/huawei-p20.png', '19-Gb', '4,9 Po', '334 g', 'Bluetooth 7,0', 'eget', 1, 3);
insert into Produits (id_produit,modele, prix, imageUrl, memoire, taille_ecran, poids, bluetooth, cpu, ecouteur, id_marque) values (174, 'eget massa', 1036.41, 'https://bestengine.humanoid.fr/uploads/products/huawei-p20.png', '30-Gb', '7,7 Po', '124 g', 'Bluetooth 5,6', 'porttitor', 1, 3);
insert into Produits (id_produit,modele, prix, imageUrl, memoire, taille_ecran, poids, bluetooth, cpu, ecouteur, id_marque) values (175, 'elementum pellentesque', 897.94, 'https://bestengine.humanoid.fr/uploads/products/huawei-p20.png', '08-Gb', '8,7 Po', '220 g', 'Bluetooth 9,9', 'volutpat', 1, 3);
insert into Produits (id_produit,modele, prix, imageUrl, memoire, taille_ecran, poids, bluetooth, cpu, ecouteur, id_marque) values (176, 'aliquam non', 214.84, 'https://bestengine.humanoid.fr/uploads/products/huawei-p20.png', '76-Gb', '2,4 Po', '786 g', 'Bluetooth 1,8', 'praesent', 1, 3);
insert into Produits (id_produit,modele, prix, imageUrl, memoire, taille_ecran, poids, bluetooth, cpu, ecouteur, id_marque) values (177, 'ut massa', 225.45, 'https://bestengine.humanoid.fr/uploads/products/huawei-p20.png', '10-Gb', '8,9 Po', '478 g', 'Bluetooth 6,1', 'etiam', 0, 5);
insert into Produits (id_produit,modele, prix, imageUrl, memoire, taille_ecran, poids, bluetooth, cpu, ecouteur, id_marque) values (178, 'augue vel', 241.64, 'https://bestengine.humanoid.fr/uploads/products/huawei-p20.png', '21-Gb', '7,5 Po', '165 g', 'Bluetooth 6,7', 'vivamus', 1, 8);
insert into Produits (id_produit,modele, prix, imageUrl, memoire, taille_ecran, poids, bluetooth, cpu, ecouteur, id_marque) values (179, 'vel nisl', 891.68, 'https://bestengine.humanoid.fr/uploads/products/huawei-p20.png', '65-Gb', '2,1 Po', '477 g', 'Bluetooth 0,0', 'curabitur', 0, 3);
insert into Produits (id_produit,modele, prix, imageUrl, memoire, taille_ecran, poids, bluetooth, cpu, ecouteur, id_marque) values (180, 'enim leo', 394.04, 'https://bestengine.humanoid.fr/uploads/products/huawei-p20.png', '94-Gb', '3,6 Po', '456 g', 'Bluetooth 1,6', 'eget', 0, 3);
insert into Produits (id_produit,modele, prix, imageUrl, memoire, taille_ecran, poids, bluetooth, cpu, ecouteur, id_marque) values (181, 'ipsum primis', 789.48, 'https://bestengine.humanoid.fr/uploads/products/huawei-p20.png', '08-Gb', '4,8 Po', '041 g', 'Bluetooth 8,0', 'rhoncus', 0, 4);
insert into Produits (id_produit,modele, prix, imageUrl, memoire, taille_ecran, poids, bluetooth, cpu, ecouteur, id_marque) values (182, 'faucibus cursus', 419.21, null, '75-Gb', '9,8 Po', '825 g', 'Bluetooth 8,7', 'turpis', 1, 3);
insert into Produits (id_produit,modele, prix, imageUrl, memoire, taille_ecran, poids, bluetooth, cpu, ecouteur, id_marque) values (183, 'in congue', 384.20, 'https://bestengine.humanoid.fr/uploads/products/huawei-p20.png', '65-Gb', '5,8 Po', '533 g', 'Bluetooth 7,0', 'dui', 1, 8);
insert into Produits (id_produit,modele, prix, imageUrl, memoire, taille_ecran, poids, bluetooth, cpu, ecouteur, id_marque) values (184, 'sapien ut', 802.16, 'https://bestengine.humanoid.fr/uploads/products/huawei-p20.png', '34-Gb', '2,8 Po', '643 g', 'Bluetooth 3,3', 'felis', 1, 4);
insert into Produits (id_produit,modele, prix, imageUrl, memoire, taille_ecran, poids, bluetooth, cpu, ecouteur, id_marque) values (185, 'ligula nec', 350.65, 'https://bestengine.humanoid.fr/uploads/products/huawei-p20.png', '71-Gb', '4,9 Po', '190 g', 'Bluetooth 2,7', 'dis', 0, 7);
insert into Produits (id_produit,modele, prix, imageUrl, memoire, taille_ecran, poids, bluetooth, cpu, ecouteur, id_marque) values (186, 'faucibus accumsan', 812.40, 'https://bestengine.humanoid.fr/uploads/products/huawei-p20.png', '26-Gb', '0,5 Po', '678 g', 'Bluetooth 4,0', 'sapien', 0, 7);
insert into Produits (id_produit,modele, prix, imageUrl, memoire, taille_ecran, poids, bluetooth, cpu, ecouteur, id_marque) values (187, 'justo pellentesque', 572.03, 'https://bestengine.humanoid.fr/uploads/products/huawei-p20.png', '75-Gb', '2,5 Po', '499 g', 'Bluetooth 5,6', 'porta', 1, 6);
insert into Produits (id_produit,modele, prix, imageUrl, memoire, taille_ecran, poids, bluetooth, cpu, ecouteur, id_marque) values (188, 'donec semper', 937.24, 'https://bestengine.humanoid.fr/uploads/products/huawei-p20.png', '46-Gb', '8,0 Po', '142 g', 'Bluetooth 0,6', 'sapien', 0, 1);
insert into Produits (id_produit,modele, prix, imageUrl, memoire, taille_ecran, poids, bluetooth, cpu, ecouteur, id_marque) values (189, 'ac nibh', 346.54, 'https://bestengine.humanoid.fr/uploads/products/huawei-p20.png', '29-Gb', '8,9 Po', '417 g', 'Bluetooth 1,0', 'sapien', 1, 8);
insert into Produits (id_produit,modele, prix, imageUrl, memoire, taille_ecran, poids, bluetooth, cpu, ecouteur, id_marque) values (190, 'sapien arcu', 410.23, 'https://bestengine.humanoid.fr/uploads/products/huawei-p20.png', '03-Gb', '5,7 Po', '188 g', 'Bluetooth 1,8', 'platea', 1, 5);
insert into Produits (id_produit,modele, prix, imageUrl, memoire, taille_ecran, poids, bluetooth, cpu, ecouteur, id_marque) values (191, 'viverra dapibus', 1184.42, 'https://bestengine.humanoid.fr/uploads/products/huawei-p20.png', '53-Gb', '3,0 Po', '062 g', 'Bluetooth 5,1', 'laoreet', 1, 4);
insert into Produits (id_produit,modele, prix, imageUrl, memoire, taille_ecran, poids, bluetooth, cpu, ecouteur, id_marque) values (192, 'tempus semper', 145.29, 'https://bestengine.humanoid.fr/uploads/products/huawei-p20.png', '77-Gb', '5,2 Po', '775 g', 'Bluetooth 8,1', 'curabitur', 1, 2);
insert into Produits (id_produit,modele, prix, imageUrl, memoire, taille_ecran, poids, bluetooth, cpu, ecouteur, id_marque) values (193, 'donec pharetra', 522.60, 'https://bestengine.humanoid.fr/uploads/products/huawei-p20.png', '12-Gb', '9,3 Po', '306 g', 'Bluetooth 8,3', 'vulputate', 0, 4);
insert into Produits (id_produit,modele, prix, imageUrl, memoire, taille_ecran, poids, bluetooth, cpu, ecouteur, id_marque) values (194, 'luctus et', 470.03, 'https://bestengine.humanoid.fr/uploads/products/huawei-p20.png', '05-Gb', '4,0 Po', '818 g', 'Bluetooth 1,6', 'enim', 0, 1);
insert into Produits (id_produit,modele, prix, imageUrl, memoire, taille_ecran, poids, bluetooth, cpu, ecouteur, id_marque) values (195, 'massa volutpat', 147.13, 'https://bestengine.humanoid.fr/uploads/products/huawei-p20.png', '33-Gb', '7,6 Po', '156 g', 'Bluetooth 0,3', 'habitasse', 0, 6);
insert into Produits (id_produit,modele, prix, imageUrl, memoire, taille_ecran, poids, bluetooth, cpu, ecouteur, id_marque) values (196, 'in faucibus', 503.08, null, '33-Gb', '1,9 Po', '744 g', 'Bluetooth 3,9', 'luctus', 1, 3);
insert into Produits (id_produit,modele, prix, imageUrl, memoire, taille_ecran, poids, bluetooth, cpu, ecouteur, id_marque) values (197, 'metus arcu', 283.85, null, '80-Gb', '6,5 Po', '395 g', 'Bluetooth 1,4', 'fusce', 1, 7);
insert into Produits (id_produit,modele, prix, imageUrl, memoire, taille_ecran, poids, bluetooth, cpu, ecouteur, id_marque) values (198, 'maecenas tristique', 599.22, 'https://bestengine.humanoid.fr/uploads/products/huawei-p20.png', '43-Gb', '5,3 Po', '871 g', 'Bluetooth 0,6', 'vel', 0, 2);
insert into Produits (id_produit,modele, prix, imageUrl, memoire, taille_ecran, poids, bluetooth, cpu, ecouteur, id_marque) values (199, 'vivamus metus', 1132.20, 'https://bestengine.humanoid.fr/uploads/products/huawei-p20.png', '68-Gb', '9,9 Po', '258 g', 'Bluetooth 0,9', 'pulvinar', 1, 5);
insert into Produits (id_produit,modele, prix, imageUrl, memoire, taille_ecran, poids, bluetooth, cpu, ecouteur, id_marque) values (200, 'in felis', 1003.57, 'https://bestengine.humanoid.fr/uploads/products/huawei-p20.png', '38-Gb', '2,7 Po', '633 g', 'Bluetooth 4,4', 'ante', 1, 3);
insert into Produits (id_produit,modele, prix, imageUrl, memoire, taille_ecran, poids, bluetooth, cpu, ecouteur, id_marque) values (201, 'porta volutpat', 618.21,'https://bestengine.humanoid.fr/uploads/products/huawei-p20.png', '69-Gb', '4,7 Po', '362 g', 'Bluetooth 3,2', 'odio', 1, 6);
insert into Produits (id_produit,modele, prix, imageUrl, memoire, taille_ecran, poids, bluetooth, cpu, ecouteur, id_marque) values (202, 'diam nam', 470.82, 'https://bestengine.humanoid.fr/uploads/products/huawei-p20.png', '71-Gb', '9,8 Po', '982 g', 'Bluetooth 4,9', 'sem', 0, 8);
insert into Produits (id_produit,modele, prix, imageUrl, memoire, taille_ecran, poids, bluetooth, cpu, ecouteur, id_marque) values (203, 'semper interdum', 144.47, 'https://bestengine.humanoid.fr/uploads/products/huawei-p20.png', '75-Gb', '1,2 Po', '340 g', 'Bluetooth 8,1', 'in', 1, 6);
insert into Produits (id_produit,modele, prix, imageUrl, memoire, taille_ecran, poids, bluetooth, cpu, ecouteur, id_marque) values (204, 'porttitor lacus', 328.59, 'https://bestengine.humanoid.fr/uploads/products/huawei-p20.png', '72-Gb', '2,0 Po', '738 g', 'Bluetooth 3,1', 'venenatis', 1, 7);
insert into Produits (id_produit,modele, prix, imageUrl, memoire, taille_ecran, poids, bluetooth, cpu, ecouteur, id_marque) values (205, 'vulputate ut', 1118.66, 'https://bestengine.humanoid.fr/uploads/products/huawei-p20.png', '47-Gb', '2,5 Po', '794 g', 'Bluetooth 9,9', 'vestibulum', 1, 1);
insert into Produits (id_produit,modele, prix, imageUrl, memoire, taille_ecran, poids, bluetooth, cpu, ecouteur, id_marque) values (206, 'ut blandit', 513.41, null, '12-Gb', '0,5 Po', '943 g', 'Bluetooth 8,4', 'faucibus', 1, 8);
insert into Produits (id_produit,modele, prix, imageUrl, memoire, taille_ecran, poids, bluetooth, cpu, ecouteur, id_marque) values (207, 'euismod scelerisque', 869.21, 'https://bestengine.humanoid.fr/uploads/products/huawei-p20.png', '37-Gb', '9,2 Po', '408 g', 'Bluetooth 9,5', 'eget', 0, 7);
insert into Produits (id_produit,modele, prix, imageUrl, memoire, taille_ecran, poids, bluetooth, cpu, ecouteur, id_marque) values (208, 'mauris lacinia', 1085.05, 'https://bestengine.humanoid.fr/uploads/products/huawei-p20.png', '45-Gb', '9,6 Po', '535 g', 'Bluetooth 5,6', 'aliquam', 1, 1);
insert into Produits (id_produit,modele, prix, imageUrl, memoire, taille_ecran, poids, bluetooth, cpu, ecouteur, id_marque) values (209, 'nunc viverra', 592.12, 'https://bestengine.humanoid.fr/uploads/products/huawei-p20.png', '79-Gb', '5,4 Po', '523 g', 'Bluetooth 3,8', 'faucibus', 0, 6);
insert into Produits (id_produit,modele, prix, imageUrl, memoire, taille_ecran, poids, bluetooth, cpu, ecouteur, id_marque) values (210, 'ullamcorper augue', 621.05, 'https://bestengine.humanoid.fr/uploads/products/huawei-p20.png', '48-Gb', '3,9 Po', '593 g', 'Bluetooth 8,2', 'posuere', 1, 3);
insert into Produits (id_produit,modele, prix, imageUrl, memoire, taille_ecran, poids, bluetooth, cpu, ecouteur, id_marque) values (211, 'massa id', 443.31, 'https://bestengine.humanoid.fr/uploads/products/huawei-p20.png', '90-Gb', '1,6 Po', '710 g', 'Bluetooth 1,7', 'orci', 0, 8);
insert into Produits (id_produit,modele, prix, imageUrl, memoire, taille_ecran, poids, bluetooth, cpu, ecouteur, id_marque) values (212, 'ut at', 844.79, null, '33-Gb', '9,5 Po', '081 g', 'Bluetooth 6,5', 'massa', 0, 5);
insert into Produits (id_produit,modele, prix, imageUrl, memoire, taille_ecran, poids, bluetooth, cpu, ecouteur, id_marque) values (213, 'laoreet ut', 545.15, 'https://bestengine.humanoid.fr/uploads/products/huawei-p20.png', '00-Gb', '0,6 Po', '525 g', 'Bluetooth 1,4', 'vestibulum', 0, 2);
insert into Produits (id_produit,modele, prix, imageUrl, memoire, taille_ecran, poids, bluetooth, cpu, ecouteur, id_marque) values (214, 'viverra pede', 274.93, 'https://bestengine.humanoid.fr/uploads/products/huawei-p20.png', '46-Gb', '2,8 Po', '809 g', 'Bluetooth 1,9', 'nisl', 1, 2);
insert into Produits (id_produit,modele, prix, imageUrl, memoire, taille_ecran, poids, bluetooth, cpu, ecouteur, id_marque) values (215, 'potenti cras', 374.48, 'https://bestengine.humanoid.fr/uploads/products/huawei-p20.png', '60-Gb', '0,8 Po', '375 g', 'Bluetooth 2,3', 'lobortis', 1, 4);
insert into Produits (id_produit,modele, prix, imageUrl, memoire, taille_ecran, poids, bluetooth, cpu, ecouteur, id_marque) values (216, 'praesent lectus', 603.98, 'https://bestengine.humanoid.fr/uploads/products/huawei-p20.png', '38-Gb', '0,7 Po', '933 g', 'Bluetooth 7,5', 'risus', 0, 5);
insert into Produits (id_produit,modele, prix, imageUrl, memoire, taille_ecran, poids, bluetooth, cpu, ecouteur, id_marque) values (217, 'habitasse platea', 594.36, 'https://bestengine.humanoid.fr/uploads/products/huawei-p20.png', '61-Gb', '6,2 Po', '983 g', 'Bluetooth 8,5', 'vel', 0, 6);
insert into Produits (id_produit,modele, prix, imageUrl, memoire, taille_ecran, poids, bluetooth, cpu, ecouteur, id_marque) values (218, 'libero nam', 684.51, 'https://store.storeimages.cdn-apple.com/4668/as-images.apple.com/is/image/AppleInc/aos/published/images/i/ph/iphone8/gold/iphone8-gold-select-2018?wid=940&hei=1112&fmt=png-alpha&qlt=80&.v=1550795416637', '20-Gb', '7,2 Po', '191 g', 'Bluetooth 3,5', 'sit', 1, 6);
insert into Produits (id_produit,modele, prix, imageUrl, memoire, taille_ecran, poids, bluetooth, cpu, ecouteur, id_marque) values (219, 'tellus nulla', 549.67, 'https://store.storeimages.cdn-apple.com/4668/as-images.apple.com/is/image/AppleInc/aos/published/images/i/ph/iphone8/gold/iphone8-gold-select-2018?wid=940&hei=1112&fmt=png-alpha&qlt=80&.v=1550795416637', '22-Gb', '6,8 Po', '144 g', 'Bluetooth 5,9', 'pretium', 1, 4);

insert into Produits (id_produit,modele, prix, imageUrl, memoire, taille_ecran, poids, bluetooth, cpu, ecouteur, id_marque) values (220, 'non velit', 657.24, 'https://static.fnac-static.com/multimedia/Images/FR/MDM/ab/a2/38/3711659/1505-1/tsp20180913070636/Apple-iPhone-8-Plus-64-Go-5-5-Rouge.jpg', '14-Gb', '1,3 Po', '743 g', 'Bluetooth 7,9', 'volutpat', 1, 5);





insert into Paniers (id_user, id_produit, quantite, prix_unitaire) values (1, 1, 1, 868.68);
insert into Paniers (id_user, id_produit, quantite, prix_unitaire) values (1, 2, 2, 868.68);
insert into Paniers (id_user, id_produit, quantite, prix_unitaire) values (2, 2, 2, 868.68);
insert into Paniers (id_user, id_produit, quantite, prix_unitaire) values (3, 3, 3, 868.68);
insert into Paniers (id_user, id_produit, quantite, prix_unitaire) values (4, 4, 4, 868.68);
insert into Paniers (id_user, id_produit, quantite, prix_unitaire) values (5, 5, 5, 868.68);
insert into Paniers (id_user, id_produit, quantite, prix_unitaire) values (5, 219, 2, 549.67);
insert into Paniers (id_user, id_produit, quantite, prix_unitaire) values (1, 220, 1, 657.24);
insert into Paniers (id_user, id_produit, quantite, prix_unitaire) values (6, 6, 1, 868.68);
insert into Paniers (id_user, id_produit, quantite, prix_unitaire) values (2, 6, 2, 868.68);
insert into Paniers (id_user, id_produit, quantite, prix_unitaire) values (7, 7, 1, 868.68);
insert into Paniers (id_user, id_produit, quantite, prix_unitaire) values (8, 8, 2, 307.63);
insert into Paniers (id_user, id_produit, quantite, prix_unitaire) values (9, 8, 1, 307.63);
insert into Paniers (id_user, id_produit, quantite, prix_unitaire) values (10, 8, 1, 307.63);
insert into Paniers (id_user, id_produit, quantite, prix_unitaire) values (11, 8, 1, 307.63);
insert into Paniers (id_user, id_produit, quantite, prix_unitaire) values (12, 8, 1, 307.63);
insert into Paniers (id_user, id_produit, quantite, prix_unitaire) values (13, 8, 2, 307.63);
insert into Paniers (id_user, id_produit, quantite, prix_unitaire) values (14, 8, 1, 307.63);
insert into Paniers (id_user, id_produit, quantite, prix_unitaire) values (15, 8, 2, 307.63);
insert into Paniers (id_user, id_produit, quantite, prix_unitaire) values (9, 9, 1, 868.68);
insert into Paniers (id_user, id_produit, quantite, prix_unitaire) values (3, 6, 2, 868.68);
insert into Paniers (id_user, id_produit, quantite, prix_unitaire) values (10, 10, 1, 868.68);
insert into Paniers (id_user, id_produit, quantite, prix_unitaire) values (11, 11, 2, 868.68);
insert into Paniers (id_user, id_produit, quantite, prix_unitaire) values (12, 12, 1, 868.68);
insert into Paniers (id_user, id_produit, quantite, prix_unitaire) values (13, 13, 1, 868.68);
insert into Paniers (id_user, id_produit, quantite, prix_unitaire) values (14, 14, 1, 868.68);
insert into Paniers (id_user, id_produit, quantite, prix_unitaire) values (15, 15, 1, 868.68);
insert into Paniers (id_user, id_produit, quantite, prix_unitaire) values (16, 16, 1, 868.68);
insert into Paniers (id_user, id_produit, quantite, prix_unitaire) values (17, 17, 1, 885.68);
insert into Paniers (id_user, id_produit, quantite, prix_unitaire) values (18, 18, 2, 898.68);
insert into Paniers (id_user, id_produit, quantite, prix_unitaire) values (19, 19, 1, 858.68);
insert into Paniers (id_user, id_produit, quantite, prix_unitaire) values (20, 20, 1, 846.68);
insert into Paniers (id_user, id_produit, quantite, prix_unitaire) values (21, 21, 1, 868.68);
insert into Paniers (id_user, id_produit, quantite, prix_unitaire) values (22, 22, 1, 854.68);
insert into Paniers (id_user, id_produit, quantite, prix_unitaire) values (23, 23, 1, 885.68);
insert into Paniers (id_user, id_produit, quantite, prix_unitaire) values (24, 24, 1, 900.68);
insert into Paniers (id_user, id_produit, quantite, prix_unitaire) values (25, 25, 1, 358.78);
insert into Paniers (id_user, id_produit, quantite, prix_unitaire) values (26, 26, 2, 1030.91);
insert into Paniers (id_user, id_produit, quantite, prix_unitaire) values (27, 27, 2, 845.73);
insert into Paniers (id_user, id_produit, quantite, prix_unitaire) values (28, 28, 2, 994.76);
insert into Paniers (id_user, id_produit, quantite, prix_unitaire) values (29, 29, 2, 635.76);
insert into Paniers (id_user, id_produit, quantite, prix_unitaire) values (30, 30, 3, 429.46);
insert into Paniers (id_user, id_produit, quantite, prix_unitaire) values (31, 31, 3, 818.44);
insert into Paniers (id_user, id_produit, quantite, prix_unitaire) values (32, 32, 3, 143.14);
insert into Paniers (id_user, id_produit, quantite, prix_unitaire) values (33, 33, 3, 728.53);
insert into Paniers (id_user, id_produit, quantite, prix_unitaire) values (34, 34, 3, 1191.10);
insert into Paniers (id_user, id_produit, quantite, prix_unitaire) values (35, 35, 3, 687.94);
insert into Paniers (id_user, id_produit, quantite, prix_unitaire) values (36, 36, 3, 634.67);
insert into Paniers (id_user, id_produit, quantite, prix_unitaire) values (37, 37, 1, 749.52);
insert into Paniers (id_user, id_produit, quantite, prix_unitaire) values (38, 38, 3, 749.52);
insert into Paniers (id_user, id_produit, quantite, prix_unitaire) values (39, 39, 3, 657.24);
insert into Paniers (id_user, id_produit, quantite, prix_unitaire) values (40, 40, 2, 1062.85);
insert into Paniers (id_user, id_produit, quantite, prix_unitaire) values (41, 41, 4, 231.87);
insert into Paniers (id_user, id_produit, quantite, prix_unitaire) values (42, 42, 2, 1024.37);
insert into Paniers (id_user, id_produit, quantite, prix_unitaire) values (43, 43, 3, 355.16);
insert into Paniers (id_user, id_produit, quantite, prix_unitaire) values (44, 44, 1, 1121.01);
insert into Paniers (id_user, id_produit, quantite, prix_unitaire) values (45, 45, 4, 122.18);
insert into Paniers (id_user, id_produit, quantite, prix_unitaire) values (46, 46, 1, 1068.54);
insert into Paniers (id_user, id_produit, quantite, prix_unitaire) values (47, 47, 2, 625.83);
insert into Paniers (id_user, id_produit, quantite, prix_unitaire) values (48, 48, 5, 219.99);
insert into Paniers (id_user, id_produit, quantite, prix_unitaire) values (49, 49, 4, 121.40);
insert into Paniers (id_user, id_produit, quantite, prix_unitaire) values (50, 50, 1, 1096.75);
insert into Paniers (id_user, id_produit, quantite, prix_unitaire) values (51, 2, 2, 868.68);
insert into Paniers (id_user, id_produit, quantite, prix_unitaire) values (52, 3, 1, 868.68);
insert into Paniers (id_user, id_produit, quantite, prix_unitaire) values (53, 4, 1, 868.68);
insert into Paniers (id_user, id_produit, quantite, prix_unitaire) values (54, 5, 1, 868.68);
insert into Paniers (id_user, id_produit, quantite, prix_unitaire) values (55, 6, 1, 868.68);
insert into Paniers (id_user, id_produit, quantite, prix_unitaire) values (56, 7, 1, 868.68);
insert into Paniers (id_user, id_produit, quantite, prix_unitaire) values (57, 8, 2, 307.63);
insert into Paniers (id_user, id_produit, quantite, prix_unitaire) values (58, 9, 2, 868.68);
insert into Paniers (id_user, id_produit, quantite, prix_unitaire) values (59, 10, 1, 868.68);
insert into Paniers (id_user, id_produit, quantite, prix_unitaire) values (60, 11, 1, 868.68);
insert into Paniers (id_user, id_produit, quantite, prix_unitaire) values (61, 12, 1, 868.68);
insert into Paniers (id_user, id_produit, quantite, prix_unitaire) values (62, 13, 1, 868.68);
insert into Paniers (id_user, id_produit, quantite, prix_unitaire) values (63, 14, 1, 868.68);
insert into Paniers (id_user, id_produit, quantite, prix_unitaire) values (64, 15, 1, 868.68);
insert into Paniers (id_user, id_produit, quantite, prix_unitaire) values (65, 16, 1, 868.68);
insert into Paniers (id_user, id_produit, quantite, prix_unitaire) values (66, 17, 1, 885.68);
insert into Paniers (id_user, id_produit, quantite, prix_unitaire) values (67, 18, 1, 898.68);
insert into Paniers (id_user, id_produit, quantite, prix_unitaire) values (68, 19, 1, 858.68);
insert into Paniers (id_user, id_produit, quantite, prix_unitaire) values (69, 20, 2, 846.68);
insert into Paniers (id_user, id_produit, quantite, prix_unitaire) values (70, 21, 2, 868.68);
insert into Paniers (id_user, id_produit, quantite, prix_unitaire) values (71, 22, 2, 854.68);
insert into Paniers (id_user, id_produit, quantite, prix_unitaire) values (72, 23, 2, 885.68);
insert into Paniers (id_user, id_produit, quantite, prix_unitaire) values (73, 24, 2, 900.68);
insert into Paniers (id_user, id_produit, quantite, prix_unitaire) values (74, 25, 2, 358.78);
insert into Paniers (id_user, id_produit, quantite, prix_unitaire) values (75, 26, 1, 1030.91);
insert into Paniers (id_user, id_produit, quantite, prix_unitaire) values (76, 27, 2, 845.73);
insert into Paniers (id_user, id_produit, quantite, prix_unitaire) values (77, 28, 2, 994.76);
insert into Paniers (id_user, id_produit, quantite, prix_unitaire) values (78, 29, 2, 635.76);
insert into Paniers (id_user, id_produit, quantite, prix_unitaire) values (79, 30, 3, 429.46);
insert into Paniers (id_user, id_produit, quantite, prix_unitaire) values (80, 31, 2, 818.44);
insert into Paniers (id_user, id_produit, quantite, prix_unitaire) values (81, 32, 5, 143.14);
insert into Paniers (id_user, id_produit, quantite, prix_unitaire) values (82, 33, 3, 728.53);
insert into Paniers (id_user, id_produit, quantite, prix_unitaire) values (83, 34, 1, 1191.10);
insert into Paniers (id_user, id_produit, quantite, prix_unitaire) values (84, 35, 3, 687.94);
insert into Paniers (id_user, id_produit, quantite, prix_unitaire) values (85, 36, 3, 634.67);
insert into Paniers (id_user, id_produit, quantite, prix_unitaire) values (86, 37, 2, 749.52);
insert into Paniers (id_user, id_produit, quantite, prix_unitaire) values (87, 38, 3, 749.52);
insert into Paniers (id_user, id_produit, quantite, prix_unitaire) values (88, 39, 3, 657.24);
insert into Paniers (id_user, id_produit, quantite, prix_unitaire) values (89, 40, 1, 1062.85);
insert into Paniers (id_user, id_produit, quantite, prix_unitaire) values (90, 41, 5, 231.87);
insert into Paniers (id_user, id_produit, quantite, prix_unitaire) values (91, 42, 1, 1024.37);
insert into Paniers (id_user, id_produit, quantite, prix_unitaire) values (92, 43, 4, 355.16);
insert into Paniers (id_user, id_produit, quantite, prix_unitaire) values (93, 44, 1, 1121.01);
insert into Paniers (id_user, id_produit, quantite, prix_unitaire) values (94, 45, 4, 122.18);
insert into Paniers (id_user, id_produit, quantite, prix_unitaire) values (95, 46, 1, 1068.54);
insert into Paniers (id_user, id_produit, quantite, prix_unitaire) values (96, 47, 2, 625.83);
insert into Paniers (id_user, id_produit, quantite, prix_unitaire) values (97, 48, 4, 219.99);
insert into Paniers (id_user, id_produit, quantite, prix_unitaire) values (82, 48, 4, 219.99);
insert into Paniers (id_user, id_produit, quantite, prix_unitaire) values (83, 48, 4, 219.99);
insert into Paniers (id_user, id_produit, quantite, prix_unitaire) values (84, 48, 4, 219.99);
insert into Paniers (id_user, id_produit, quantite, prix_unitaire) values (85, 48, 4, 219.99);
insert into Paniers (id_user, id_produit, quantite, prix_unitaire) values (86, 48, 4, 219.99);
insert into Paniers (id_user, id_produit, quantite, prix_unitaire) values (87, 48, 4, 219.99);
insert into Paniers (id_user, id_produit, quantite, prix_unitaire) values (88, 48, 4, 219.99);
insert into Paniers (id_user, id_produit, quantite, prix_unitaire) values (89, 48, 4, 219.99);
insert into Paniers (id_user, id_produit, quantite, prix_unitaire) values (98, 49, 6, 121.40);
insert into Paniers (id_user, id_produit, quantite, prix_unitaire) values (99, 50, 1, 1096.75);
insert into Paniers (id_user, id_produit, quantite, prix_unitaire) values (100, 50, 1, 1096.75);

